-- phpMyAdmin SQL Dump
-- version 5.1.0
-- https://www.phpmyadmin.net/
--
-- Host: 127.0.0.1
-- Waktu pembuatan: 03 Feb 2022 pada 06.09
-- Versi server: 10.4.18-MariaDB
-- Versi PHP: 8.0.3

SET SQL_MODE = "NO_AUTO_VALUE_ON_ZERO";
START TRANSACTION;
SET time_zone = "+00:00";


/*!40101 SET @OLD_CHARACTER_SET_CLIENT=@@CHARACTER_SET_CLIENT */;
/*!40101 SET @OLD_CHARACTER_SET_RESULTS=@@CHARACTER_SET_RESULTS */;
/*!40101 SET @OLD_COLLATION_CONNECTION=@@COLLATION_CONNECTION */;
/*!40101 SET NAMES utf8mb4 */;

--
-- Database: `sigpkl`
--

-- --------------------------------------------------------

--
-- Struktur dari tabel `answers`
--

CREATE TABLE `answers` (
  `id` bigint(20) UNSIGNED NOT NULL,
  `nis` char(10) COLLATE utf8mb4_unicode_ci NOT NULL,
  `id_kuis` bigint(20) UNSIGNED NOT NULL,
  `id_tanyaan` bigint(20) UNSIGNED NOT NULL,
  `id_pilihan` bigint(20) UNSIGNED NOT NULL,
  `dipilih` tinyint(1) NOT NULL,
  `created_at` timestamp NULL DEFAULT NULL,
  `updated_at` timestamp NULL DEFAULT NULL
) ENGINE=InnoDB DEFAULT CHARSET=utf8mb4 COLLATE=utf8mb4_unicode_ci;

--
-- Dumping data untuk tabel `answers`
--

INSERT INTO `answers` (`id`, `nis`, `id_kuis`, `id_tanyaan`, `id_pilihan`, `dipilih`, `created_at`, `updated_at`) VALUES
(13, '1234567801', 10, 9, 14, 1, '2022-02-04 03:27:39', '2022-02-04 03:27:39'),
(14, '1234567802', 10, 9, 14, 1, '2022-02-04 03:35:42', '2022-02-04 03:35:42');

-- --------------------------------------------------------

--
-- Struktur dari tabel `calendars`
--

CREATE TABLE `calendars` (
  `id` bigint(20) UNSIGNED NOT NULL,
  `tanggal` date NOT NULL,
  `masuk` tinyint(1) NOT NULL,
  `id_industri` bigint(20) UNSIGNED NOT NULL,
  `created_at` timestamp NULL DEFAULT NULL,
  `updated_at` timestamp NULL DEFAULT NULL
) ENGINE=InnoDB DEFAULT CHARSET=utf8mb4 COLLATE=utf8mb4_unicode_ci;

--
-- Dumping data untuk tabel `calendars`
--

INSERT INTO `calendars` (`id`, `tanggal`, `masuk`, `id_industri`, `created_at`, `updated_at`) VALUES
(9, '2021-12-01', 1, 7, '2022-02-03 04:19:08', '2022-02-03 04:19:08'),
(10, '2021-12-02', 1, 7, '2022-02-03 04:19:13', '2022-02-03 04:19:13'),
(11, '2021-12-03', 1, 7, '2022-02-03 04:19:21', '2022-02-03 04:19:21'),
(12, '2021-12-04', 1, 7, '2022-02-03 04:19:27', '2022-02-03 04:19:27'),
(13, '2021-12-06', 1, 7, '2022-02-03 04:19:41', '2022-02-03 04:19:41'),
(14, '2021-12-05', 0, 7, '2022-02-03 15:21:02', '2022-02-03 15:21:02'),
(15, '2021-12-01', 1, 22, '2022-02-03 22:57:07', '2022-02-03 22:57:07'),
(16, '2021-12-02', 1, 22, '2022-02-03 22:57:13', '2022-02-03 22:57:13'),
(17, '2021-12-03', 1, 22, '2022-02-03 22:57:21', '2022-02-03 22:57:21'),
(18, '2021-12-04', 1, 22, '2022-02-03 22:57:25', '2022-02-03 22:57:25'),
(19, '2021-12-05', 0, 22, '2022-02-03 22:57:29', '2022-02-03 22:57:29'),
(20, '2021-12-06', 1, 22, '2022-02-03 22:57:34', '2022-02-03 22:57:34');

-- --------------------------------------------------------

--
-- Struktur dari tabel `choices`
--

CREATE TABLE `choices` (
  `id` bigint(20) UNSIGNED NOT NULL,
  `pilihan` varchar(256) COLLATE utf8mb4_unicode_ci NOT NULL,
  `benar` tinyint(1) DEFAULT NULL,
  `id_tanyaan` bigint(20) UNSIGNED NOT NULL,
  `created_at` timestamp NULL DEFAULT NULL,
  `updated_at` timestamp NULL DEFAULT NULL
) ENGINE=InnoDB DEFAULT CHARSET=utf8mb4 COLLATE=utf8mb4_unicode_ci;

--
-- Dumping data untuk tabel `choices`
--

INSERT INTO `choices` (`id`, `pilihan`, `benar`, `id_tanyaan`, `created_at`, `updated_at`) VALUES
(14, 'Benar', 1, 9, '2022-02-04 01:38:44', '2022-02-10 10:35:05'),
(15, 'Salah', NULL, 9, '2022-02-04 01:38:44', '2022-02-04 01:38:44'),
(18, 'Benar', NULL, 11, '2022-02-04 02:59:25', '2022-02-04 02:59:25'),
(19, 'Salah', 1, 11, '2022-02-04 02:59:25', '2022-02-04 02:59:25');

-- --------------------------------------------------------

--
-- Struktur dari tabel `cities`
--

CREATE TABLE `cities` (
  `id` bigint(20) UNSIGNED NOT NULL,
  `id_provinsi` int(10) UNSIGNED NOT NULL,
  `jk` varchar(32) COLLATE utf8mb4_unicode_ci NOT NULL,
  `kota` varchar(255) COLLATE utf8mb4_unicode_ci NOT NULL,
  `created_at` timestamp NULL DEFAULT NULL,
  `updated_at` timestamp NULL DEFAULT NULL
) ENGINE=InnoDB DEFAULT CHARSET=utf8mb4 COLLATE=utf8mb4_unicode_ci;

--
-- Dumping data untuk tabel `cities`
--

INSERT INTO `cities` (`id`, `id_provinsi`, `jk`, `kota`, `created_at`, `updated_at`) VALUES
(1, 1, 'Kabupaten', 'Aceh Barat', '0000-00-00 00:00:00', '0000-00-00 00:00:00'),
(2, 1, 'Kabupaten', 'Aceh Barat Daya', '0000-00-00 00:00:00', '0000-00-00 00:00:00'),
(3, 1, 'Kabupaten', 'Aceh Besar', '0000-00-00 00:00:00', '0000-00-00 00:00:00'),
(4, 1, 'Kabupaten', 'Aceh Jaya', '0000-00-00 00:00:00', '0000-00-00 00:00:00'),
(5, 1, 'Kabupaten', 'Aceh Selatan', '0000-00-00 00:00:00', '0000-00-00 00:00:00'),
(6, 1, 'Kabupaten', 'Aceh Singkil', '0000-00-00 00:00:00', '0000-00-00 00:00:00'),
(7, 1, 'Kabupaten', 'Aceh Tamiang', '0000-00-00 00:00:00', '0000-00-00 00:00:00'),
(8, 1, 'Kabupaten', 'Aceh Tengah', '0000-00-00 00:00:00', '0000-00-00 00:00:00'),
(9, 1, 'Kabupaten', 'Aceh Tenggara', '0000-00-00 00:00:00', '0000-00-00 00:00:00'),
(10, 1, 'Kabupaten', 'Aceh Timur', '0000-00-00 00:00:00', '0000-00-00 00:00:00'),
(11, 1, 'Kabupaten', 'Aceh Utara', '0000-00-00 00:00:00', '0000-00-00 00:00:00'),
(12, 1, 'Kabupaten', 'Bener Meriah', '0000-00-00 00:00:00', '0000-00-00 00:00:00'),
(13, 1, 'Kabupaten', 'Bireuen', '0000-00-00 00:00:00', '0000-00-00 00:00:00'),
(14, 1, 'Kabupaten', 'Gayo Lues', '0000-00-00 00:00:00', '0000-00-00 00:00:00'),
(15, 1, 'Kabupaten', 'Nagan Raya', '0000-00-00 00:00:00', '0000-00-00 00:00:00'),
(16, 1, 'Kabupaten', 'Pidie', '0000-00-00 00:00:00', '0000-00-00 00:00:00'),
(17, 1, 'Kabupaten', 'Pidie Jaya', '0000-00-00 00:00:00', '0000-00-00 00:00:00'),
(18, 1, 'Kabupaten', 'Simeulue', '0000-00-00 00:00:00', '0000-00-00 00:00:00'),
(19, 1, 'Kota', 'Banda Aceh', '0000-00-00 00:00:00', '0000-00-00 00:00:00'),
(20, 1, 'Kota', 'Langsa', '0000-00-00 00:00:00', '0000-00-00 00:00:00'),
(21, 1, 'Kota', 'Lhokseumawe', '0000-00-00 00:00:00', '0000-00-00 00:00:00'),
(22, 1, 'Kota', 'Sabang', '0000-00-00 00:00:00', '0000-00-00 00:00:00'),
(23, 1, 'Kota', 'Subulussalam', '0000-00-00 00:00:00', '0000-00-00 00:00:00'),
(24, 2, 'Kabupaten', 'Asahan', '0000-00-00 00:00:00', '0000-00-00 00:00:00'),
(25, 2, 'Kabupaten', 'Batubara', '0000-00-00 00:00:00', '0000-00-00 00:00:00'),
(26, 2, 'Kabupaten', 'Dairi', '0000-00-00 00:00:00', '0000-00-00 00:00:00'),
(27, 2, 'Kabupaten', 'Deli Serdang', '0000-00-00 00:00:00', '0000-00-00 00:00:00'),
(28, 2, 'Kabupaten', 'Humbang Hasundutan', '0000-00-00 00:00:00', '0000-00-00 00:00:00'),
(29, 2, 'Kabupaten', 'Karo', '0000-00-00 00:00:00', '0000-00-00 00:00:00'),
(30, 2, 'Kabupaten', 'Labuhanbatu', '0000-00-00 00:00:00', '0000-00-00 00:00:00'),
(31, 2, 'Kabupaten', 'Labuhanbatu Selatan', '0000-00-00 00:00:00', '0000-00-00 00:00:00'),
(32, 2, 'Kabupaten', 'Labuhanbatu Utara', '0000-00-00 00:00:00', '0000-00-00 00:00:00'),
(33, 2, 'Kabupaten', 'Langkat', '0000-00-00 00:00:00', '0000-00-00 00:00:00'),
(34, 2, 'Kabupaten', 'Mandailing Natal', '0000-00-00 00:00:00', '0000-00-00 00:00:00'),
(35, 2, 'Kabupaten', 'Nias', '0000-00-00 00:00:00', '0000-00-00 00:00:00'),
(36, 2, 'Kabupaten', 'Nias Barat', '0000-00-00 00:00:00', '0000-00-00 00:00:00'),
(37, 2, 'Kabupaten', 'Nias Selatan', '0000-00-00 00:00:00', '0000-00-00 00:00:00'),
(38, 2, 'Kabupaten', 'Nias Utara', '0000-00-00 00:00:00', '0000-00-00 00:00:00'),
(39, 2, 'Kabupaten', 'Padang Lawas', '0000-00-00 00:00:00', '0000-00-00 00:00:00'),
(40, 2, 'Kabupaten', 'Padang Lawas Utara', '0000-00-00 00:00:00', '0000-00-00 00:00:00'),
(41, 2, 'Kabupaten', 'Pakpak Bharat', '0000-00-00 00:00:00', '0000-00-00 00:00:00'),
(42, 2, 'Kabupaten', 'Samosir', '0000-00-00 00:00:00', '0000-00-00 00:00:00'),
(43, 2, 'Kabupaten', 'Serdang Bedagai', '0000-00-00 00:00:00', '0000-00-00 00:00:00'),
(44, 2, 'Kabupaten', 'Simalungun', '0000-00-00 00:00:00', '0000-00-00 00:00:00'),
(45, 2, 'Kabupaten', 'Tapanuli Selatan', '0000-00-00 00:00:00', '0000-00-00 00:00:00'),
(46, 2, 'Kabupaten', 'Tapanuli Tengah', '0000-00-00 00:00:00', '0000-00-00 00:00:00'),
(47, 2, 'Kabupaten', 'Tapanuli Utara', '0000-00-00 00:00:00', '0000-00-00 00:00:00'),
(48, 2, 'Kabupaten', 'Toba Samosir', '0000-00-00 00:00:00', '0000-00-00 00:00:00'),
(49, 2, 'Kota', 'Binjai', '0000-00-00 00:00:00', '0000-00-00 00:00:00'),
(50, 2, 'Kota', 'Gunungsitoli', '0000-00-00 00:00:00', '0000-00-00 00:00:00'),
(51, 2, 'Kota', 'Medan', '0000-00-00 00:00:00', '0000-00-00 00:00:00'),
(52, 2, 'Kota', 'Padangsidempuan', '0000-00-00 00:00:00', '0000-00-00 00:00:00'),
(53, 2, 'Kota', 'Pematangsiantar', '0000-00-00 00:00:00', '0000-00-00 00:00:00'),
(54, 2, 'Kota', 'Sibolga', '0000-00-00 00:00:00', '0000-00-00 00:00:00'),
(55, 2, 'Kota', 'Tanjungbalai', '0000-00-00 00:00:00', '0000-00-00 00:00:00'),
(56, 2, 'Kota', 'Tebing Tinggi', '0000-00-00 00:00:00', '0000-00-00 00:00:00'),
(57, 3, 'Kabupaten', 'Agam', '0000-00-00 00:00:00', '0000-00-00 00:00:00'),
(58, 3, 'Kabupaten', 'Dharmasraya', '0000-00-00 00:00:00', '0000-00-00 00:00:00'),
(59, 3, 'Kabupaten', 'Kepulauan Mentawai', '0000-00-00 00:00:00', '0000-00-00 00:00:00'),
(60, 3, 'Kabupaten', 'Lima Puluh Kota', '0000-00-00 00:00:00', '0000-00-00 00:00:00'),
(61, 3, 'Kabupaten', 'Padang Pariaman', '0000-00-00 00:00:00', '0000-00-00 00:00:00'),
(62, 3, 'Kabupaten', 'Pasaman', '0000-00-00 00:00:00', '0000-00-00 00:00:00'),
(63, 3, 'Kabupaten', 'Pasaman Barat', '0000-00-00 00:00:00', '0000-00-00 00:00:00'),
(64, 3, 'Kabupaten', 'Pesisir Selatan', '0000-00-00 00:00:00', '0000-00-00 00:00:00'),
(65, 3, 'Kabupaten', 'Sijunjung', '0000-00-00 00:00:00', '0000-00-00 00:00:00'),
(66, 3, 'Kabupaten', 'Solok', '0000-00-00 00:00:00', '0000-00-00 00:00:00'),
(67, 3, 'Kabupaten', 'Solok Selatan', '0000-00-00 00:00:00', '0000-00-00 00:00:00'),
(68, 3, 'Kabupaten', 'Tanah Datar', '0000-00-00 00:00:00', '0000-00-00 00:00:00'),
(69, 3, 'Kota', 'Bukittinggi', '0000-00-00 00:00:00', '0000-00-00 00:00:00'),
(70, 3, 'Kota', 'Padang', '0000-00-00 00:00:00', '0000-00-00 00:00:00'),
(71, 3, 'Kota', 'Padangpanjang', '0000-00-00 00:00:00', '0000-00-00 00:00:00'),
(72, 3, 'Kota', 'Pariaman', '0000-00-00 00:00:00', '0000-00-00 00:00:00'),
(73, 3, 'Kota', 'Payakumbuh', '0000-00-00 00:00:00', '0000-00-00 00:00:00'),
(74, 3, 'Kota', 'Sawahlunto', '0000-00-00 00:00:00', '0000-00-00 00:00:00'),
(75, 3, 'Kota', 'Solok', '0000-00-00 00:00:00', '0000-00-00 00:00:00'),
(76, 4, 'Kabupaten', 'Banyuasin', '0000-00-00 00:00:00', '0000-00-00 00:00:00'),
(77, 4, 'Kabupaten', 'Empat Lawang', '0000-00-00 00:00:00', '0000-00-00 00:00:00'),
(78, 4, 'Kabupaten', 'Lahat', '0000-00-00 00:00:00', '0000-00-00 00:00:00'),
(79, 4, 'Kabupaten', 'Muara Enim', '0000-00-00 00:00:00', '0000-00-00 00:00:00'),
(80, 4, 'Kabupaten', 'Musi Banyuasin', '0000-00-00 00:00:00', '0000-00-00 00:00:00'),
(81, 4, 'Kabupaten', 'Musi Rawas', '0000-00-00 00:00:00', '0000-00-00 00:00:00'),
(82, 4, 'Kabupaten', 'Musi Rawas Utara', '0000-00-00 00:00:00', '0000-00-00 00:00:00'),
(83, 4, 'Kabupaten', 'Ogan Ilir', '0000-00-00 00:00:00', '0000-00-00 00:00:00'),
(84, 4, 'Kabupaten', 'Ogan Komering Ilir', '0000-00-00 00:00:00', '0000-00-00 00:00:00'),
(85, 4, 'Kabupaten', 'Ogan Komering Ulu', '0000-00-00 00:00:00', '0000-00-00 00:00:00'),
(86, 4, 'Kabupaten', 'Ogan Komering Ulu Selatan', '0000-00-00 00:00:00', '0000-00-00 00:00:00'),
(87, 4, 'Kabupaten', 'Ogan Komering Ulu Timur', '0000-00-00 00:00:00', '0000-00-00 00:00:00'),
(88, 4, 'Kabupaten', 'Penukal Abab Lematang Ilir', '0000-00-00 00:00:00', '0000-00-00 00:00:00'),
(89, 4, 'Kota', 'Lubuklinggau', '0000-00-00 00:00:00', '0000-00-00 00:00:00'),
(90, 4, 'Kota', 'Pagar Alam', '0000-00-00 00:00:00', '0000-00-00 00:00:00'),
(91, 4, 'Kota', 'Palembang', '0000-00-00 00:00:00', '0000-00-00 00:00:00'),
(92, 4, 'Kota', 'Prabumulih', '0000-00-00 00:00:00', '0000-00-00 00:00:00'),
(93, 5, 'Kabupaten', 'Bengkalis', '0000-00-00 00:00:00', '0000-00-00 00:00:00'),
(94, 5, 'Kabupaten', 'Indragiri Hilir', '0000-00-00 00:00:00', '0000-00-00 00:00:00'),
(95, 5, 'Kabupaten', 'Indragiri Hulu', '0000-00-00 00:00:00', '0000-00-00 00:00:00'),
(96, 5, 'Kabupaten', 'Kampar', '0000-00-00 00:00:00', '0000-00-00 00:00:00'),
(97, 5, 'Kabupaten', 'Kepulauan Meranti', '0000-00-00 00:00:00', '0000-00-00 00:00:00'),
(98, 5, 'Kabupaten', 'Kuantan Singingi', '0000-00-00 00:00:00', '0000-00-00 00:00:00'),
(99, 5, 'Kabupaten', 'Pelalawan', '0000-00-00 00:00:00', '0000-00-00 00:00:00'),
(100, 5, 'Kabupaten', 'Rokan Hilir', '0000-00-00 00:00:00', '0000-00-00 00:00:00'),
(101, 5, 'Kabupaten', 'Rokan Hulu', '0000-00-00 00:00:00', '0000-00-00 00:00:00'),
(102, 5, 'Kabupaten', 'Siak', '0000-00-00 00:00:00', '0000-00-00 00:00:00'),
(103, 5, 'Kota', 'Dumai', '0000-00-00 00:00:00', '0000-00-00 00:00:00'),
(104, 5, 'Kota', 'Pekanbaru', '0000-00-00 00:00:00', '0000-00-00 00:00:00'),
(105, 6, 'Kabupaten', 'Bintan', '0000-00-00 00:00:00', '0000-00-00 00:00:00'),
(106, 6, 'Kabupaten', 'Karimun', '0000-00-00 00:00:00', '0000-00-00 00:00:00'),
(107, 6, 'Kabupaten', 'Kepulauan Anambas', '0000-00-00 00:00:00', '0000-00-00 00:00:00'),
(108, 6, 'Kabupaten', 'Lingga', '0000-00-00 00:00:00', '0000-00-00 00:00:00'),
(109, 6, 'Kabupaten', 'Natuna', '0000-00-00 00:00:00', '0000-00-00 00:00:00'),
(110, 6, 'Kota', 'Batam', '0000-00-00 00:00:00', '0000-00-00 00:00:00'),
(111, 6, 'Kota', 'Tanjung Pinang', '0000-00-00 00:00:00', '0000-00-00 00:00:00'),
(112, 7, 'Kabupaten', 'Batanghari', '0000-00-00 00:00:00', '0000-00-00 00:00:00'),
(113, 7, 'Kabupaten', 'Bungo', '0000-00-00 00:00:00', '0000-00-00 00:00:00'),
(114, 7, 'Kabupaten', 'Kerinci', '0000-00-00 00:00:00', '0000-00-00 00:00:00'),
(115, 7, 'Kabupaten', 'Merangin', '0000-00-00 00:00:00', '0000-00-00 00:00:00'),
(116, 7, 'Kabupaten', 'Muaro Jambi', '0000-00-00 00:00:00', '0000-00-00 00:00:00'),
(117, 7, 'Kabupaten', 'Sarolangun', '0000-00-00 00:00:00', '0000-00-00 00:00:00'),
(118, 7, 'Kabupaten', 'Tanjung Jabung Barat', '0000-00-00 00:00:00', '0000-00-00 00:00:00'),
(119, 7, 'Kabupaten', 'Tanjung Jabung Timur', '0000-00-00 00:00:00', '0000-00-00 00:00:00'),
(120, 7, 'Kabupaten', 'Tebo', '0000-00-00 00:00:00', '0000-00-00 00:00:00'),
(121, 7, 'Kota', 'Jambi', '0000-00-00 00:00:00', '0000-00-00 00:00:00'),
(122, 7, 'Kota', 'Sungai Penuh', '0000-00-00 00:00:00', '0000-00-00 00:00:00'),
(123, 8, 'Kabupaten', 'Bengkulu Selatan', '0000-00-00 00:00:00', '0000-00-00 00:00:00'),
(124, 8, 'Kabupaten', 'Bengkulu Tengah', '0000-00-00 00:00:00', '0000-00-00 00:00:00'),
(125, 8, 'Kabupaten', 'Bengkulu Utara', '0000-00-00 00:00:00', '0000-00-00 00:00:00'),
(126, 8, 'Kabupaten', 'Kaur', '0000-00-00 00:00:00', '0000-00-00 00:00:00'),
(127, 8, 'Kabupaten', 'Kepahiang', '0000-00-00 00:00:00', '0000-00-00 00:00:00'),
(128, 8, 'Kabupaten', 'Lebong', '0000-00-00 00:00:00', '0000-00-00 00:00:00'),
(129, 8, 'Kabupaten', 'Mukomuko', '0000-00-00 00:00:00', '0000-00-00 00:00:00'),
(130, 8, 'Kabupaten', 'Rejang Lebong', '0000-00-00 00:00:00', '0000-00-00 00:00:00'),
(131, 8, 'Kabupaten', 'Seluma', '0000-00-00 00:00:00', '0000-00-00 00:00:00'),
(132, 8, 'Kota', 'Bengkulu', '0000-00-00 00:00:00', '0000-00-00 00:00:00'),
(133, 9, 'Kabupaten', 'Bangka', '0000-00-00 00:00:00', '0000-00-00 00:00:00'),
(134, 9, 'Kabupaten', 'Bangka Barat', '0000-00-00 00:00:00', '0000-00-00 00:00:00'),
(135, 9, 'Kabupaten', 'Bangka Selatan', '0000-00-00 00:00:00', '0000-00-00 00:00:00'),
(136, 9, 'Kabupaten', 'Bangka Tengah', '0000-00-00 00:00:00', '0000-00-00 00:00:00'),
(137, 9, 'Kabupaten', 'Belitung', '0000-00-00 00:00:00', '0000-00-00 00:00:00'),
(138, 9, 'Kabupaten', 'Belitung Timur', '0000-00-00 00:00:00', '0000-00-00 00:00:00'),
(139, 9, 'Kota', 'Pangkal Pinang', '0000-00-00 00:00:00', '0000-00-00 00:00:00'),
(140, 10, 'Kabupaten', 'Lampung Tengah', '0000-00-00 00:00:00', '0000-00-00 00:00:00'),
(141, 10, 'Kabupaten', 'Lampung Utara', '0000-00-00 00:00:00', '0000-00-00 00:00:00'),
(142, 10, 'Kabupaten', 'Lampung Selatan', '0000-00-00 00:00:00', '0000-00-00 00:00:00'),
(143, 10, 'Kabupaten', 'Lampung Barat', '0000-00-00 00:00:00', '0000-00-00 00:00:00'),
(144, 10, 'Kabupaten', 'Lampung Timur', '0000-00-00 00:00:00', '0000-00-00 00:00:00'),
(145, 10, 'Kabupaten', 'Mesuji', '0000-00-00 00:00:00', '0000-00-00 00:00:00'),
(146, 10, 'Kabupaten', 'Pesawaran', '0000-00-00 00:00:00', '0000-00-00 00:00:00'),
(147, 10, 'Kabupaten', 'Pesisir Barat', '0000-00-00 00:00:00', '0000-00-00 00:00:00'),
(148, 10, 'Kabupaten', 'Pringsewu', '0000-00-00 00:00:00', '0000-00-00 00:00:00'),
(149, 10, 'Kabupaten', 'Tulang Bawang', '0000-00-00 00:00:00', '0000-00-00 00:00:00'),
(150, 10, 'Kabupaten', 'Tulang Bawang Barat', '0000-00-00 00:00:00', '0000-00-00 00:00:00'),
(151, 10, 'Kabupaten', 'Tanggamus', '0000-00-00 00:00:00', '0000-00-00 00:00:00'),
(152, 10, 'Kabupaten', 'Way Kanan', '0000-00-00 00:00:00', '0000-00-00 00:00:00'),
(153, 10, 'Kota', 'Bandar Lampung', '0000-00-00 00:00:00', '0000-00-00 00:00:00'),
(154, 10, 'Kota', 'Metro', '0000-00-00 00:00:00', '0000-00-00 00:00:00'),
(155, 11, 'Kabupaten', 'Lebak', '0000-00-00 00:00:00', '0000-00-00 00:00:00'),
(156, 11, 'Kabupaten', 'Pandeglang', '0000-00-00 00:00:00', '0000-00-00 00:00:00'),
(157, 11, 'Kabupaten', 'Serang', '0000-00-00 00:00:00', '0000-00-00 00:00:00'),
(158, 11, 'Kabupaten', 'Tangerang', '0000-00-00 00:00:00', '0000-00-00 00:00:00'),
(159, 11, 'Kota', 'Cilegon', '0000-00-00 00:00:00', '0000-00-00 00:00:00'),
(160, 11, 'Kota', 'Serang', '0000-00-00 00:00:00', '0000-00-00 00:00:00'),
(161, 11, 'Kota', 'Tangerang', '0000-00-00 00:00:00', '0000-00-00 00:00:00'),
(162, 11, 'Kota', 'Tangerang Selatan', '0000-00-00 00:00:00', '0000-00-00 00:00:00'),
(163, 12, 'Kabupaten', 'Bandung', '0000-00-00 00:00:00', '0000-00-00 00:00:00'),
(164, 12, 'Kabupaten', 'Bandung Barat', '0000-00-00 00:00:00', '0000-00-00 00:00:00'),
(165, 12, 'Kabupaten', 'Bekasi', '0000-00-00 00:00:00', '0000-00-00 00:00:00'),
(166, 12, 'Kabupaten', 'Bogor', '0000-00-00 00:00:00', '0000-00-00 00:00:00'),
(167, 12, 'Kabupaten', 'Ciamis', '0000-00-00 00:00:00', '0000-00-00 00:00:00'),
(168, 12, 'Kabupaten', 'Cianjur', '0000-00-00 00:00:00', '0000-00-00 00:00:00'),
(169, 12, 'Kabupaten', 'Cirebon', '0000-00-00 00:00:00', '0000-00-00 00:00:00'),
(170, 12, 'Kabupaten', 'Garut', '0000-00-00 00:00:00', '0000-00-00 00:00:00'),
(171, 12, 'Kabupaten', 'Indramayu', '0000-00-00 00:00:00', '0000-00-00 00:00:00'),
(172, 12, 'Kabupaten', 'Karawang', '0000-00-00 00:00:00', '0000-00-00 00:00:00'),
(173, 12, 'Kabupaten', 'Kuningan', '0000-00-00 00:00:00', '0000-00-00 00:00:00'),
(174, 12, 'Kabupaten', 'Majalengka', '0000-00-00 00:00:00', '0000-00-00 00:00:00'),
(175, 12, 'Kabupaten', 'Pangandaran', '0000-00-00 00:00:00', '0000-00-00 00:00:00'),
(176, 12, 'Kabupaten', 'Purwakarta', '0000-00-00 00:00:00', '0000-00-00 00:00:00'),
(177, 12, 'Kabupaten', 'Subang', '0000-00-00 00:00:00', '0000-00-00 00:00:00'),
(178, 12, 'Kabupaten', 'Sukabumi', '0000-00-00 00:00:00', '0000-00-00 00:00:00'),
(179, 12, 'Kabupaten', 'Sumedang', '0000-00-00 00:00:00', '0000-00-00 00:00:00'),
(180, 12, 'Kabupaten', 'Tasikmalaya', '0000-00-00 00:00:00', '0000-00-00 00:00:00'),
(181, 12, 'Kota', 'Bandung', '0000-00-00 00:00:00', '0000-00-00 00:00:00'),
(182, 12, 'Kota', 'Banjar', '0000-00-00 00:00:00', '0000-00-00 00:00:00'),
(183, 12, 'Kota', 'Bekasi', '0000-00-00 00:00:00', '0000-00-00 00:00:00'),
(184, 12, 'Kota', 'Bogor', '0000-00-00 00:00:00', '0000-00-00 00:00:00'),
(185, 12, 'Kota', 'Cimahi', '0000-00-00 00:00:00', '0000-00-00 00:00:00'),
(186, 12, 'Kota', 'Cirebon', '0000-00-00 00:00:00', '0000-00-00 00:00:00'),
(187, 12, 'Kota', 'Depok', '0000-00-00 00:00:00', '0000-00-00 00:00:00'),
(188, 12, 'Kota', 'Sukabumi', '0000-00-00 00:00:00', '0000-00-00 00:00:00'),
(189, 12, 'Kota', 'Tasikmalaya', '0000-00-00 00:00:00', '0000-00-00 00:00:00'),
(190, 13, 'Kabupaten', 'Banjarnegara', '0000-00-00 00:00:00', '0000-00-00 00:00:00'),
(191, 13, 'Kabupaten', 'Banyumas', '0000-00-00 00:00:00', '0000-00-00 00:00:00'),
(192, 13, 'Kabupaten', 'Batang', '0000-00-00 00:00:00', '0000-00-00 00:00:00'),
(193, 13, 'Kabupaten', 'Blora', '0000-00-00 00:00:00', '0000-00-00 00:00:00'),
(194, 13, 'Kabupaten', 'Boyolali', '0000-00-00 00:00:00', '0000-00-00 00:00:00'),
(195, 13, 'Kabupaten', 'Brebes', '0000-00-00 00:00:00', '0000-00-00 00:00:00'),
(196, 13, 'Kabupaten', 'Cilacap', '0000-00-00 00:00:00', '0000-00-00 00:00:00'),
(197, 13, 'Kabupaten', 'Demak', '0000-00-00 00:00:00', '0000-00-00 00:00:00'),
(198, 13, 'Kabupaten', 'Grobogan', '0000-00-00 00:00:00', '0000-00-00 00:00:00'),
(199, 13, 'Kabupaten', 'Jepara', '0000-00-00 00:00:00', '0000-00-00 00:00:00'),
(200, 13, 'Kabupaten', 'Karanganyar', '0000-00-00 00:00:00', '0000-00-00 00:00:00'),
(201, 13, 'Kabupaten', 'Kebumen', '0000-00-00 00:00:00', '0000-00-00 00:00:00'),
(202, 13, 'Kabupaten', 'Kendal', '0000-00-00 00:00:00', '0000-00-00 00:00:00'),
(203, 13, 'Kabupaten', 'Klaten', '0000-00-00 00:00:00', '0000-00-00 00:00:00'),
(204, 13, 'Kabupaten', 'Kudus', '0000-00-00 00:00:00', '0000-00-00 00:00:00'),
(205, 13, 'Kabupaten', 'Magelang', '0000-00-00 00:00:00', '0000-00-00 00:00:00'),
(206, 13, 'Kabupaten', 'Pati', '0000-00-00 00:00:00', '0000-00-00 00:00:00'),
(207, 13, 'Kabupaten', 'Pekalongan', '0000-00-00 00:00:00', '0000-00-00 00:00:00'),
(208, 13, 'Kabupaten', 'Pemalang', '0000-00-00 00:00:00', '0000-00-00 00:00:00'),
(209, 13, 'Kabupaten', 'Purbalingga', '0000-00-00 00:00:00', '0000-00-00 00:00:00'),
(210, 13, 'Kabupaten', 'Purworejo', '0000-00-00 00:00:00', '0000-00-00 00:00:00'),
(211, 13, 'Kabupaten', 'Rembang', '0000-00-00 00:00:00', '0000-00-00 00:00:00'),
(212, 13, 'Kabupaten', 'Semarang', '0000-00-00 00:00:00', '0000-00-00 00:00:00'),
(213, 13, 'Kabupaten', 'Sragen', '0000-00-00 00:00:00', '0000-00-00 00:00:00'),
(214, 13, 'Kabupaten', 'Sukoharjo', '0000-00-00 00:00:00', '0000-00-00 00:00:00'),
(215, 13, 'Kabupaten', 'Tegal', '0000-00-00 00:00:00', '0000-00-00 00:00:00'),
(216, 13, 'Kabupaten', 'Temanggung', '0000-00-00 00:00:00', '0000-00-00 00:00:00'),
(217, 13, 'Kabupaten', 'Wonogiri', '0000-00-00 00:00:00', '0000-00-00 00:00:00'),
(218, 13, 'Kabupaten', 'Wonosobo', '0000-00-00 00:00:00', '0000-00-00 00:00:00'),
(219, 13, 'Kota', 'Magelang', '0000-00-00 00:00:00', '0000-00-00 00:00:00'),
(220, 13, 'Kota', 'Pekalongan', '0000-00-00 00:00:00', '0000-00-00 00:00:00'),
(221, 13, 'Kota', 'Salatiga', '0000-00-00 00:00:00', '0000-00-00 00:00:00'),
(222, 13, 'Kota', 'Semarang', '0000-00-00 00:00:00', '0000-00-00 00:00:00'),
(223, 13, 'Kota', 'Surakarta', '0000-00-00 00:00:00', '0000-00-00 00:00:00'),
(224, 13, 'Kota', 'Tegal', '0000-00-00 00:00:00', '0000-00-00 00:00:00'),
(225, 14, 'Kabupaten', 'Bangkalan', '0000-00-00 00:00:00', '0000-00-00 00:00:00'),
(226, 14, 'Kabupaten', 'Banyuwangi', '0000-00-00 00:00:00', '0000-00-00 00:00:00'),
(227, 14, 'Kabupaten', 'Blitar', '0000-00-00 00:00:00', '0000-00-00 00:00:00'),
(228, 14, 'Kabupaten', 'Bojonegoro', '0000-00-00 00:00:00', '0000-00-00 00:00:00'),
(229, 14, 'Kabupaten', 'Bondowoso', '0000-00-00 00:00:00', '0000-00-00 00:00:00'),
(230, 14, 'Kabupaten', 'Gresik', '0000-00-00 00:00:00', '0000-00-00 00:00:00'),
(231, 14, 'Kabupaten', 'Jember', '0000-00-00 00:00:00', '0000-00-00 00:00:00'),
(232, 14, 'Kabupaten', 'Jombang', '0000-00-00 00:00:00', '0000-00-00 00:00:00'),
(233, 14, 'Kabupaten', 'Kediri', '0000-00-00 00:00:00', '0000-00-00 00:00:00'),
(234, 14, 'Kabupaten', 'Lamongan', '0000-00-00 00:00:00', '0000-00-00 00:00:00'),
(235, 14, 'Kabupaten', 'Lumajang', '0000-00-00 00:00:00', '0000-00-00 00:00:00'),
(236, 14, 'Kabupaten', 'Madiun', '0000-00-00 00:00:00', '0000-00-00 00:00:00'),
(237, 14, 'Kabupaten', 'Magetan', '0000-00-00 00:00:00', '0000-00-00 00:00:00'),
(238, 14, 'Kabupaten', 'Malang', '0000-00-00 00:00:00', '0000-00-00 00:00:00'),
(239, 14, 'Kabupaten', 'Mojokerto', '0000-00-00 00:00:00', '0000-00-00 00:00:00'),
(240, 14, 'Kabupaten', 'Nganjuk', '0000-00-00 00:00:00', '0000-00-00 00:00:00'),
(241, 14, 'Kabupaten', 'Ngawi', '0000-00-00 00:00:00', '0000-00-00 00:00:00'),
(242, 14, 'Kabupaten', 'Pacitan', '0000-00-00 00:00:00', '0000-00-00 00:00:00'),
(243, 14, 'Kabupaten', 'Pamekasan', '0000-00-00 00:00:00', '0000-00-00 00:00:00'),
(244, 14, 'Kabupaten', 'Pasuruan', '0000-00-00 00:00:00', '0000-00-00 00:00:00'),
(245, 14, 'Kabupaten', 'Ponorogo', '0000-00-00 00:00:00', '0000-00-00 00:00:00'),
(246, 14, 'Kabupaten', 'Probolinggo', '0000-00-00 00:00:00', '0000-00-00 00:00:00'),
(247, 14, 'Kabupaten', 'Sampang', '0000-00-00 00:00:00', '0000-00-00 00:00:00'),
(248, 14, 'Kabupaten', 'Sidoarjo', '0000-00-00 00:00:00', '0000-00-00 00:00:00'),
(249, 14, 'Kabupaten', 'Situbondo', '0000-00-00 00:00:00', '0000-00-00 00:00:00'),
(250, 14, 'Kabupaten', 'Sumenep', '0000-00-00 00:00:00', '0000-00-00 00:00:00'),
(251, 14, 'Kabupaten', 'Trenggalek', '0000-00-00 00:00:00', '0000-00-00 00:00:00'),
(252, 14, 'Kabupaten', 'Tuban', '0000-00-00 00:00:00', '0000-00-00 00:00:00'),
(253, 14, 'Kabupaten', 'Tulungagung', '0000-00-00 00:00:00', '0000-00-00 00:00:00'),
(254, 14, 'Kota', 'Batu', '0000-00-00 00:00:00', '0000-00-00 00:00:00'),
(255, 14, 'Kota', 'Blitar', '0000-00-00 00:00:00', '0000-00-00 00:00:00'),
(256, 14, 'Kota', 'Kediri', '0000-00-00 00:00:00', '0000-00-00 00:00:00'),
(257, 14, 'Kota', 'Madiun', '0000-00-00 00:00:00', '0000-00-00 00:00:00'),
(258, 14, 'Kota', 'Malang', '0000-00-00 00:00:00', '0000-00-00 00:00:00'),
(259, 14, 'Kota', 'Mojokerto', '0000-00-00 00:00:00', '0000-00-00 00:00:00'),
(260, 14, 'Kota', 'Pasuruan', '0000-00-00 00:00:00', '0000-00-00 00:00:00'),
(261, 14, 'Kota', 'Probolinggo', '0000-00-00 00:00:00', '0000-00-00 00:00:00'),
(262, 14, 'Kota', 'Surabaya', '0000-00-00 00:00:00', '0000-00-00 00:00:00'),
(263, 15, 'Kota', 'Administrasi Jakarta Barat', '0000-00-00 00:00:00', '0000-00-00 00:00:00'),
(264, 15, 'Kota', 'Administrasi Jakarta Pusat', '0000-00-00 00:00:00', '0000-00-00 00:00:00'),
(265, 15, 'Kota', 'Administrasi Jakarta Selatan', '0000-00-00 00:00:00', '0000-00-00 00:00:00'),
(266, 15, 'Kota', 'Administrasi Jakarta Timur', '0000-00-00 00:00:00', '0000-00-00 00:00:00'),
(267, 15, 'Kota', 'Administrasi Jakarta Utara', '0000-00-00 00:00:00', '0000-00-00 00:00:00'),
(268, 15, 'Kabupaten', 'Administrasi Kepulauan Seribu', '0000-00-00 00:00:00', '0000-00-00 00:00:00'),
(269, 16, 'Kabupaten', 'Bantul', '0000-00-00 00:00:00', '0000-00-00 00:00:00'),
(270, 16, 'Kabupaten', 'Gunungkidul', '0000-00-00 00:00:00', '0000-00-00 00:00:00'),
(271, 16, 'Kabupaten', 'Kulon Progo', '0000-00-00 00:00:00', '0000-00-00 00:00:00'),
(272, 16, 'Kabupaten', 'Sleman', '0000-00-00 00:00:00', '0000-00-00 00:00:00'),
(273, 16, 'Kota', 'Yogyakarta', '0000-00-00 00:00:00', '0000-00-00 00:00:00'),
(274, 17, 'Kabupaten', 'Badung', '0000-00-00 00:00:00', '0000-00-00 00:00:00'),
(275, 17, 'Kabupaten', 'Bangli', '0000-00-00 00:00:00', '0000-00-00 00:00:00'),
(276, 17, 'Kabupaten', 'Buleleng', '0000-00-00 00:00:00', '0000-00-00 00:00:00'),
(277, 17, 'Kabupaten', 'Gianyar', '0000-00-00 00:00:00', '0000-00-00 00:00:00'),
(278, 17, 'Kabupaten', 'Jembrana', '0000-00-00 00:00:00', '0000-00-00 00:00:00'),
(279, 17, 'Kabupaten', 'Karangasem', '0000-00-00 00:00:00', '0000-00-00 00:00:00'),
(280, 17, 'Kabupaten', 'Klungkung', '0000-00-00 00:00:00', '0000-00-00 00:00:00'),
(281, 17, 'Kabupaten', 'Tabanan', '0000-00-00 00:00:00', '0000-00-00 00:00:00'),
(282, 17, 'Kota', 'Denpasar', '0000-00-00 00:00:00', '0000-00-00 00:00:00'),
(283, 18, 'Kabupaten', 'Bima', '0000-00-00 00:00:00', '0000-00-00 00:00:00'),
(284, 18, 'Kabupaten', 'Dompu', '0000-00-00 00:00:00', '0000-00-00 00:00:00'),
(285, 18, 'Kabupaten', 'Lombok Barat', '0000-00-00 00:00:00', '0000-00-00 00:00:00'),
(286, 18, 'Kabupaten', 'Lombok Tengah', '0000-00-00 00:00:00', '0000-00-00 00:00:00'),
(287, 18, 'Kabupaten', 'Lombok Timur', '0000-00-00 00:00:00', '0000-00-00 00:00:00'),
(288, 18, 'Kabupaten', 'Lombok Utara', '0000-00-00 00:00:00', '0000-00-00 00:00:00'),
(289, 18, 'Kabupaten', 'Sumbawa', '0000-00-00 00:00:00', '0000-00-00 00:00:00'),
(290, 18, 'Kabupaten', 'Sumbawa Barat', '0000-00-00 00:00:00', '0000-00-00 00:00:00'),
(291, 18, 'Kota', 'Bima', '0000-00-00 00:00:00', '0000-00-00 00:00:00'),
(292, 18, 'Kota', 'Mataram', '0000-00-00 00:00:00', '0000-00-00 00:00:00'),
(293, 19, 'Kabupaten', 'Alor', '0000-00-00 00:00:00', '0000-00-00 00:00:00'),
(294, 19, 'Kabupaten', 'Belu', '0000-00-00 00:00:00', '0000-00-00 00:00:00'),
(295, 19, 'Kabupaten', 'Ende', '0000-00-00 00:00:00', '0000-00-00 00:00:00'),
(296, 19, 'Kabupaten', 'Flores Timur', '0000-00-00 00:00:00', '0000-00-00 00:00:00'),
(297, 19, 'Kabupaten', 'Kupang', '0000-00-00 00:00:00', '0000-00-00 00:00:00'),
(298, 19, 'Kabupaten', 'Lembata', '0000-00-00 00:00:00', '0000-00-00 00:00:00'),
(299, 19, 'Kabupaten', 'Malaka', '0000-00-00 00:00:00', '0000-00-00 00:00:00'),
(300, 19, 'Kabupaten', 'Manggarai', '0000-00-00 00:00:00', '0000-00-00 00:00:00'),
(301, 19, 'Kabupaten', 'Manggarai Barat', '0000-00-00 00:00:00', '0000-00-00 00:00:00'),
(302, 19, 'Kabupaten', 'Manggarai Timur', '0000-00-00 00:00:00', '0000-00-00 00:00:00'),
(303, 19, 'Kabupaten', 'Ngada', '0000-00-00 00:00:00', '0000-00-00 00:00:00'),
(304, 19, 'Kabupaten', 'Nagekeo', '0000-00-00 00:00:00', '0000-00-00 00:00:00'),
(305, 19, 'Kabupaten', 'Rote Ndao', '0000-00-00 00:00:00', '0000-00-00 00:00:00'),
(306, 19, 'Kabupaten', 'Sabu Raijua', '0000-00-00 00:00:00', '0000-00-00 00:00:00'),
(307, 19, 'Kabupaten', 'Sikka', '0000-00-00 00:00:00', '0000-00-00 00:00:00'),
(308, 19, 'Kabupaten', 'Sumba Barat', '0000-00-00 00:00:00', '0000-00-00 00:00:00'),
(309, 19, 'Kabupaten', 'Sumba Barat Daya', '0000-00-00 00:00:00', '0000-00-00 00:00:00'),
(310, 19, 'Kabupaten', 'Sumba Tengah', '0000-00-00 00:00:00', '0000-00-00 00:00:00'),
(311, 19, 'Kabupaten', 'Sumba Timur', '0000-00-00 00:00:00', '0000-00-00 00:00:00'),
(312, 19, 'Kabupaten', 'Timor Tengah Selatan', '0000-00-00 00:00:00', '0000-00-00 00:00:00'),
(313, 19, 'Kabupaten', 'Timor Tengah Utara', '0000-00-00 00:00:00', '0000-00-00 00:00:00'),
(314, 19, 'Kota', 'Kupang', '0000-00-00 00:00:00', '0000-00-00 00:00:00'),
(315, 20, 'Kabupaten', 'Bengkayang', '0000-00-00 00:00:00', '0000-00-00 00:00:00'),
(316, 20, 'Kabupaten', 'Kapuas Hulu', '0000-00-00 00:00:00', '0000-00-00 00:00:00'),
(317, 20, 'Kabupaten', 'Kayong Utara', '0000-00-00 00:00:00', '0000-00-00 00:00:00'),
(318, 20, 'Kabupaten', 'Ketapang', '0000-00-00 00:00:00', '0000-00-00 00:00:00'),
(319, 20, 'Kabupaten', 'Kubu Raya', '0000-00-00 00:00:00', '0000-00-00 00:00:00'),
(320, 20, 'Kabupaten', 'Landak', '0000-00-00 00:00:00', '0000-00-00 00:00:00'),
(321, 20, 'Kabupaten', 'Melawi', '0000-00-00 00:00:00', '0000-00-00 00:00:00'),
(322, 20, 'Kabupaten', 'Mempawah', '0000-00-00 00:00:00', '0000-00-00 00:00:00'),
(323, 20, 'Kabupaten', 'Sambas', '0000-00-00 00:00:00', '0000-00-00 00:00:00'),
(324, 20, 'Kabupaten', 'Sanggau', '0000-00-00 00:00:00', '0000-00-00 00:00:00'),
(325, 20, 'Kabupaten', 'Sekadau', '0000-00-00 00:00:00', '0000-00-00 00:00:00'),
(326, 20, 'Kabupaten', 'Sintang', '0000-00-00 00:00:00', '0000-00-00 00:00:00'),
(327, 20, 'Kota', 'Pontianak', '0000-00-00 00:00:00', '0000-00-00 00:00:00'),
(328, 20, 'Kota', 'Singkawang', '0000-00-00 00:00:00', '0000-00-00 00:00:00'),
(329, 21, 'Kabupaten', 'Balangan', '0000-00-00 00:00:00', '0000-00-00 00:00:00'),
(330, 21, 'Kabupaten', 'Banjar', '0000-00-00 00:00:00', '0000-00-00 00:00:00'),
(331, 21, 'Kabupaten', 'Barito Kuala', '0000-00-00 00:00:00', '0000-00-00 00:00:00'),
(332, 21, 'Kabupaten', 'Hulu Sungai Selatan', '0000-00-00 00:00:00', '0000-00-00 00:00:00'),
(333, 21, 'Kabupaten', 'Hulu Sungai Tengah', '0000-00-00 00:00:00', '0000-00-00 00:00:00'),
(334, 21, 'Kabupaten', 'Hulu Sungai Utara', '0000-00-00 00:00:00', '0000-00-00 00:00:00'),
(335, 21, 'Kabupaten', 'Kotabaru', '0000-00-00 00:00:00', '0000-00-00 00:00:00'),
(336, 21, 'Kabupaten', 'Tabalong', '0000-00-00 00:00:00', '0000-00-00 00:00:00'),
(337, 21, 'Kabupaten', 'Tanah Bumbu', '0000-00-00 00:00:00', '0000-00-00 00:00:00'),
(338, 21, 'Kabupaten', 'Tanah Laut', '0000-00-00 00:00:00', '0000-00-00 00:00:00'),
(339, 21, 'Kabupaten', 'Tapin', '0000-00-00 00:00:00', '0000-00-00 00:00:00'),
(340, 21, 'Kota', 'Banjarbaru', '0000-00-00 00:00:00', '0000-00-00 00:00:00'),
(341, 21, 'Kota', 'Banjarmasin', '0000-00-00 00:00:00', '0000-00-00 00:00:00'),
(342, 22, 'Kabupaten', 'Barito Selatan', '0000-00-00 00:00:00', '0000-00-00 00:00:00'),
(343, 22, 'Kabupaten', 'Barito Timur', '0000-00-00 00:00:00', '0000-00-00 00:00:00'),
(344, 22, 'Kabupaten', 'Barito Utara', '0000-00-00 00:00:00', '0000-00-00 00:00:00'),
(345, 22, 'Kabupaten', 'Gunung Mas', '0000-00-00 00:00:00', '0000-00-00 00:00:00'),
(346, 22, 'Kabupaten', 'Kapuas', '0000-00-00 00:00:00', '0000-00-00 00:00:00'),
(347, 22, 'Kabupaten', 'Katingan', '0000-00-00 00:00:00', '0000-00-00 00:00:00'),
(348, 22, 'Kabupaten', 'Kotawaringin Barat', '0000-00-00 00:00:00', '0000-00-00 00:00:00'),
(349, 22, 'Kabupaten', 'Kotawaringin Timur', '0000-00-00 00:00:00', '0000-00-00 00:00:00'),
(350, 22, 'Kabupaten', 'Lamandau', '0000-00-00 00:00:00', '0000-00-00 00:00:00'),
(351, 22, 'Kabupaten', 'Murung Raya', '0000-00-00 00:00:00', '0000-00-00 00:00:00'),
(352, 22, 'Kabupaten', 'Pulang Pisau', '0000-00-00 00:00:00', '0000-00-00 00:00:00'),
(353, 22, 'Kabupaten', 'Sukamara', '0000-00-00 00:00:00', '0000-00-00 00:00:00'),
(354, 22, 'Kabupaten', 'Seruyan', '0000-00-00 00:00:00', '0000-00-00 00:00:00'),
(355, 22, 'Kota', 'Palangka Raya', '0000-00-00 00:00:00', '0000-00-00 00:00:00'),
(356, 23, 'Kabupaten', 'Berau', '0000-00-00 00:00:00', '0000-00-00 00:00:00'),
(357, 23, 'Kabupaten', 'Kutai Barat', '0000-00-00 00:00:00', '0000-00-00 00:00:00'),
(358, 23, 'Kabupaten', 'Kutai Kartanegara', '0000-00-00 00:00:00', '0000-00-00 00:00:00'),
(359, 23, 'Kabupaten', 'Kutai Timur', '0000-00-00 00:00:00', '0000-00-00 00:00:00'),
(360, 23, 'Kabupaten', 'Mahakam Ulu', '0000-00-00 00:00:00', '0000-00-00 00:00:00'),
(361, 23, 'Kabupaten', 'Paser', '0000-00-00 00:00:00', '0000-00-00 00:00:00'),
(362, 23, 'Kabupaten', 'Penajam Paser Utara', '0000-00-00 00:00:00', '0000-00-00 00:00:00'),
(363, 23, 'Kota', 'Balikpapan', '0000-00-00 00:00:00', '0000-00-00 00:00:00'),
(364, 23, 'Kota', 'Bontang', '0000-00-00 00:00:00', '0000-00-00 00:00:00'),
(365, 23, 'Kota', 'Samarinda', '0000-00-00 00:00:00', '0000-00-00 00:00:00'),
(366, 24, 'Kabupaten', 'Bulungan', '0000-00-00 00:00:00', '0000-00-00 00:00:00'),
(367, 24, 'Kabupaten', 'Malinau', '0000-00-00 00:00:00', '0000-00-00 00:00:00'),
(368, 24, 'Kabupaten', 'Nunukan', '0000-00-00 00:00:00', '0000-00-00 00:00:00'),
(369, 24, 'Kabupaten', 'Tana Tidung', '0000-00-00 00:00:00', '0000-00-00 00:00:00'),
(370, 24, 'Kota', 'Tarakan', '0000-00-00 00:00:00', '0000-00-00 00:00:00'),
(371, 25, 'Kabupaten', 'Boalemo', '0000-00-00 00:00:00', '0000-00-00 00:00:00'),
(372, 25, 'Kabupaten', 'Bone Bolango', '0000-00-00 00:00:00', '0000-00-00 00:00:00'),
(373, 25, 'Kabupaten', 'Gorontalo', '0000-00-00 00:00:00', '0000-00-00 00:00:00'),
(374, 25, 'Kabupaten', 'Gorontalo Utara', '0000-00-00 00:00:00', '0000-00-00 00:00:00'),
(375, 25, 'Kabupaten', 'Pohuwato', '0000-00-00 00:00:00', '0000-00-00 00:00:00'),
(376, 25, 'Kota', 'Gorontalo', '0000-00-00 00:00:00', '0000-00-00 00:00:00'),
(377, 26, 'Kabupaten', 'Bantaeng', '0000-00-00 00:00:00', '0000-00-00 00:00:00'),
(378, 26, 'Kabupaten', 'Barru', '0000-00-00 00:00:00', '0000-00-00 00:00:00'),
(379, 26, 'Kabupaten', 'Bone', '0000-00-00 00:00:00', '0000-00-00 00:00:00'),
(380, 26, 'Kabupaten', 'Bulukumba', '0000-00-00 00:00:00', '0000-00-00 00:00:00'),
(381, 26, 'Kabupaten', 'Enrekang', '0000-00-00 00:00:00', '0000-00-00 00:00:00'),
(382, 26, 'Kabupaten', 'Gowa', '0000-00-00 00:00:00', '0000-00-00 00:00:00'),
(383, 26, 'Kabupaten', 'Jeneponto', '0000-00-00 00:00:00', '0000-00-00 00:00:00'),
(384, 26, 'Kabupaten', 'Kepulauan Selayar', '0000-00-00 00:00:00', '0000-00-00 00:00:00'),
(385, 26, 'Kabupaten', 'Luwu', '0000-00-00 00:00:00', '0000-00-00 00:00:00'),
(386, 26, 'Kabupaten', 'Luwu Timur', '0000-00-00 00:00:00', '0000-00-00 00:00:00'),
(387, 26, 'Kabupaten', 'Luwu Utara', '0000-00-00 00:00:00', '0000-00-00 00:00:00'),
(388, 26, 'Kabupaten', 'Maros', '0000-00-00 00:00:00', '0000-00-00 00:00:00'),
(389, 26, 'Kabupaten', 'Pangkajene dan Kepulauan', '0000-00-00 00:00:00', '0000-00-00 00:00:00'),
(390, 26, 'Kabupaten', 'Pinrang', '0000-00-00 00:00:00', '0000-00-00 00:00:00'),
(391, 26, 'Kabupaten', 'Sidenreng Rappang', '0000-00-00 00:00:00', '0000-00-00 00:00:00'),
(392, 26, 'Kabupaten', 'Sinjai', '0000-00-00 00:00:00', '0000-00-00 00:00:00'),
(393, 26, 'Kabupaten', 'Soppeng', '0000-00-00 00:00:00', '0000-00-00 00:00:00'),
(394, 26, 'Kabupaten', 'Takalar', '0000-00-00 00:00:00', '0000-00-00 00:00:00'),
(395, 26, 'Kabupaten', 'Tana Toraja', '0000-00-00 00:00:00', '0000-00-00 00:00:00'),
(396, 26, 'Kabupaten', 'Toraja Utara', '0000-00-00 00:00:00', '0000-00-00 00:00:00'),
(397, 26, 'Kabupaten', 'Wajo', '0000-00-00 00:00:00', '0000-00-00 00:00:00'),
(398, 26, 'Kota', 'Makassar', '0000-00-00 00:00:00', '0000-00-00 00:00:00'),
(399, 26, 'Kota', 'Palopo', '0000-00-00 00:00:00', '0000-00-00 00:00:00'),
(400, 26, 'Kota', 'Parepare', '0000-00-00 00:00:00', '0000-00-00 00:00:00'),
(401, 27, 'Kabupaten', 'Bombana', '0000-00-00 00:00:00', '0000-00-00 00:00:00'),
(402, 27, 'Kabupaten', 'Buton', '0000-00-00 00:00:00', '0000-00-00 00:00:00'),
(403, 27, 'Kabupaten', 'Buton Selatan', '0000-00-00 00:00:00', '0000-00-00 00:00:00'),
(404, 27, 'Kabupaten', 'Buton Tengah', '0000-00-00 00:00:00', '0000-00-00 00:00:00'),
(405, 27, 'Kabupaten', 'Buton Utara', '0000-00-00 00:00:00', '0000-00-00 00:00:00'),
(406, 27, 'Kabupaten', 'Kolaka', '0000-00-00 00:00:00', '0000-00-00 00:00:00'),
(407, 27, 'Kabupaten', 'Kolaka Timur', '0000-00-00 00:00:00', '0000-00-00 00:00:00'),
(408, 27, 'Kabupaten', 'Kolaka Utara', '0000-00-00 00:00:00', '0000-00-00 00:00:00'),
(409, 27, 'Kabupaten', 'Konawe', '0000-00-00 00:00:00', '0000-00-00 00:00:00'),
(410, 27, 'Kabupaten', 'Konawe Kepulauan', '0000-00-00 00:00:00', '0000-00-00 00:00:00'),
(411, 27, 'Kabupaten', 'Konawe Selatan', '0000-00-00 00:00:00', '0000-00-00 00:00:00'),
(412, 27, 'Kabupaten', 'Konawe Utara', '0000-00-00 00:00:00', '0000-00-00 00:00:00'),
(413, 27, 'Kabupaten', 'Muna', '0000-00-00 00:00:00', '0000-00-00 00:00:00'),
(414, 27, 'Kabupaten', 'Muna Barat', '0000-00-00 00:00:00', '0000-00-00 00:00:00'),
(415, 27, 'Kabupaten', 'Wakatobi', '0000-00-00 00:00:00', '0000-00-00 00:00:00'),
(416, 27, 'Kota', 'Bau-Bau', '0000-00-00 00:00:00', '0000-00-00 00:00:00'),
(417, 27, 'Kota', 'Kendari', '0000-00-00 00:00:00', '0000-00-00 00:00:00'),
(418, 28, 'Kabupaten', 'Banggai', '0000-00-00 00:00:00', '0000-00-00 00:00:00'),
(419, 28, 'Kabupaten', 'Banggai Kepulauan', '0000-00-00 00:00:00', '0000-00-00 00:00:00'),
(420, 28, 'Kabupaten', 'Banggai Laut', '0000-00-00 00:00:00', '0000-00-00 00:00:00'),
(421, 28, 'Kabupaten', 'Buol', '0000-00-00 00:00:00', '0000-00-00 00:00:00'),
(422, 28, 'Kabupaten', 'Donggala', '0000-00-00 00:00:00', '0000-00-00 00:00:00'),
(423, 28, 'Kabupaten', 'Morowali', '0000-00-00 00:00:00', '0000-00-00 00:00:00'),
(424, 28, 'Kabupaten', 'Morowali Utara', '0000-00-00 00:00:00', '0000-00-00 00:00:00'),
(425, 28, 'Kabupaten', 'Parigi Moutong', '0000-00-00 00:00:00', '0000-00-00 00:00:00'),
(426, 28, 'Kabupaten', 'Poso', '0000-00-00 00:00:00', '0000-00-00 00:00:00'),
(427, 28, 'Kabupaten', 'Sigi', '0000-00-00 00:00:00', '0000-00-00 00:00:00'),
(428, 28, 'Kabupaten', 'Tojo Una-Una', '0000-00-00 00:00:00', '0000-00-00 00:00:00'),
(429, 28, 'Kabupaten', 'Toli-Toli', '0000-00-00 00:00:00', '0000-00-00 00:00:00'),
(430, 28, 'Kota', 'Palu', '0000-00-00 00:00:00', '0000-00-00 00:00:00'),
(431, 29, 'Kabupaten', 'Bolaang Mongondow', '0000-00-00 00:00:00', '0000-00-00 00:00:00'),
(432, 29, 'Kabupaten', 'Bolaang Mongondow Selatan', '0000-00-00 00:00:00', '0000-00-00 00:00:00'),
(433, 29, 'Kabupaten', 'Bolaang Mongondow Timur', '0000-00-00 00:00:00', '0000-00-00 00:00:00'),
(434, 29, 'Kabupaten', 'Bolaang Mongondow Utara', '0000-00-00 00:00:00', '0000-00-00 00:00:00'),
(435, 29, 'Kabupaten', 'Kepulauan Sangihe', '0000-00-00 00:00:00', '0000-00-00 00:00:00'),
(436, 29, 'Kabupaten', 'Kepulauan Siau Tagulandang Biaro', '0000-00-00 00:00:00', '0000-00-00 00:00:00'),
(437, 29, 'Kabupaten', 'Kepulauan Talaud', '0000-00-00 00:00:00', '0000-00-00 00:00:00'),
(438, 29, 'Kabupaten', 'Minahasa', '0000-00-00 00:00:00', '0000-00-00 00:00:00'),
(439, 29, 'Kabupaten', 'Minahasa Selatan', '0000-00-00 00:00:00', '0000-00-00 00:00:00'),
(440, 29, 'Kabupaten', 'Minahasa Tenggara', '0000-00-00 00:00:00', '0000-00-00 00:00:00'),
(441, 29, 'Kabupaten', 'Minahasa Utara', '0000-00-00 00:00:00', '0000-00-00 00:00:00'),
(442, 29, 'Kota', 'Bitung', '0000-00-00 00:00:00', '0000-00-00 00:00:00'),
(443, 29, 'Kota', 'Kotamobagu', '0000-00-00 00:00:00', '0000-00-00 00:00:00'),
(444, 29, 'Kota', 'Manado', '0000-00-00 00:00:00', '0000-00-00 00:00:00'),
(445, 29, 'Kota', 'Tomohon', '0000-00-00 00:00:00', '0000-00-00 00:00:00'),
(446, 30, 'Kabupaten', 'Majene', '0000-00-00 00:00:00', '0000-00-00 00:00:00'),
(447, 30, 'Kabupaten', 'Mamasa', '0000-00-00 00:00:00', '0000-00-00 00:00:00'),
(448, 30, 'Kabupaten', 'Mamuju', '0000-00-00 00:00:00', '0000-00-00 00:00:00'),
(449, 30, 'Kabupaten', 'Mamuju Tengah', '0000-00-00 00:00:00', '0000-00-00 00:00:00'),
(450, 30, 'Kabupaten', 'Mamuju Utara', '0000-00-00 00:00:00', '0000-00-00 00:00:00'),
(451, 30, 'Kabupaten', 'Polewali Mandar', '0000-00-00 00:00:00', '0000-00-00 00:00:00'),
(452, 30, 'Kota', 'Mamuju', '0000-00-00 00:00:00', '0000-00-00 00:00:00'),
(453, 31, 'Kabupaten', 'Buru', '0000-00-00 00:00:00', '0000-00-00 00:00:00'),
(454, 31, 'Kabupaten', 'Buru Selatan', '0000-00-00 00:00:00', '0000-00-00 00:00:00'),
(455, 31, 'Kabupaten', 'Kepulauan Aru', '0000-00-00 00:00:00', '0000-00-00 00:00:00'),
(456, 31, 'Kabupaten', 'Maluku Barat Daya', '0000-00-00 00:00:00', '0000-00-00 00:00:00'),
(457, 31, 'Kabupaten', 'Maluku Tengah', '0000-00-00 00:00:00', '0000-00-00 00:00:00'),
(458, 31, 'Kabupaten', 'Maluku Tenggara', '0000-00-00 00:00:00', '0000-00-00 00:00:00'),
(459, 31, 'Kabupaten', 'Maluku Tenggara Barat', '0000-00-00 00:00:00', '0000-00-00 00:00:00'),
(460, 31, 'Kabupaten', 'Seram Bagian Barat', '0000-00-00 00:00:00', '0000-00-00 00:00:00'),
(461, 31, 'Kabupaten', 'Seram Bagian Timur', '0000-00-00 00:00:00', '0000-00-00 00:00:00'),
(462, 31, 'Kota', 'Ambon', '0000-00-00 00:00:00', '0000-00-00 00:00:00'),
(463, 31, 'Kota', 'Tual', '0000-00-00 00:00:00', '0000-00-00 00:00:00'),
(464, 32, 'Kabupaten', 'Halmahera Barat', '0000-00-00 00:00:00', '0000-00-00 00:00:00'),
(465, 32, 'Kabupaten', 'Halmahera Tengah', '0000-00-00 00:00:00', '0000-00-00 00:00:00'),
(466, 32, 'Kabupaten', 'Halmahera Utara', '0000-00-00 00:00:00', '0000-00-00 00:00:00'),
(467, 32, 'Kabupaten', 'Halmahera Selatan', '0000-00-00 00:00:00', '0000-00-00 00:00:00'),
(468, 32, 'Kabupaten', 'Kepulauan Sula', '0000-00-00 00:00:00', '0000-00-00 00:00:00'),
(469, 32, 'Kabupaten', 'Halmahera Timur', '0000-00-00 00:00:00', '0000-00-00 00:00:00'),
(470, 32, 'Kabupaten', 'Pulau Morotai', '0000-00-00 00:00:00', '0000-00-00 00:00:00'),
(471, 32, 'Kabupaten', 'Pulau Taliabu', '0000-00-00 00:00:00', '0000-00-00 00:00:00'),
(472, 32, 'Kota', 'Ternate', '0000-00-00 00:00:00', '0000-00-00 00:00:00'),
(473, 32, 'Kota', 'Tidore Kepulauan', '0000-00-00 00:00:00', '0000-00-00 00:00:00'),
(474, 33, 'Kabupaten', 'Asmat', '0000-00-00 00:00:00', '0000-00-00 00:00:00'),
(475, 33, 'Kabupaten', 'Biak Numfor', '0000-00-00 00:00:00', '0000-00-00 00:00:00'),
(476, 33, 'Kabupaten', 'Boven Digoel', '0000-00-00 00:00:00', '0000-00-00 00:00:00'),
(477, 33, 'Kabupaten', 'Deiyai', '0000-00-00 00:00:00', '0000-00-00 00:00:00'),
(478, 33, 'Kabupaten', 'Dogiyai', '0000-00-00 00:00:00', '0000-00-00 00:00:00'),
(479, 33, 'Kabupaten', 'Intan Jaya', '0000-00-00 00:00:00', '0000-00-00 00:00:00'),
(480, 33, 'Kabupaten', 'Jayapura', '0000-00-00 00:00:00', '0000-00-00 00:00:00'),
(481, 33, 'Kabupaten', 'Jayawijaya', '0000-00-00 00:00:00', '0000-00-00 00:00:00'),
(482, 33, 'Kabupaten', 'Keerom', '0000-00-00 00:00:00', '0000-00-00 00:00:00'),
(483, 33, 'Kabupaten', 'Kepulauan Yapen', '0000-00-00 00:00:00', '0000-00-00 00:00:00'),
(484, 33, 'Kabupaten', 'Lanny Jaya', '0000-00-00 00:00:00', '0000-00-00 00:00:00'),
(485, 33, 'Kabupaten', 'Mamberamo Raya', '0000-00-00 00:00:00', '0000-00-00 00:00:00'),
(486, 33, 'Kabupaten', 'Mamberamo Tengah', '0000-00-00 00:00:00', '0000-00-00 00:00:00'),
(487, 33, 'Kabupaten', 'Mappi', '0000-00-00 00:00:00', '0000-00-00 00:00:00'),
(488, 33, 'Kabupaten', 'Merauke', '0000-00-00 00:00:00', '0000-00-00 00:00:00'),
(489, 33, 'Kabupaten', 'Mimika', '0000-00-00 00:00:00', '0000-00-00 00:00:00'),
(490, 33, 'Kabupaten', 'Nabire', '0000-00-00 00:00:00', '0000-00-00 00:00:00'),
(491, 33, 'Kabupaten', 'Nduga', '0000-00-00 00:00:00', '0000-00-00 00:00:00'),
(492, 33, 'Kabupaten', 'Paniai', '0000-00-00 00:00:00', '0000-00-00 00:00:00'),
(493, 33, 'Kabupaten', 'Pegunungan Bintang', '0000-00-00 00:00:00', '0000-00-00 00:00:00'),
(494, 33, 'Kabupaten', 'Puncak', '0000-00-00 00:00:00', '0000-00-00 00:00:00'),
(495, 33, 'Kabupaten', 'Puncak Jaya', '0000-00-00 00:00:00', '0000-00-00 00:00:00'),
(496, 33, 'Kabupaten', 'Sarmi', '0000-00-00 00:00:00', '0000-00-00 00:00:00'),
(497, 33, 'Kabupaten', 'Supiori', '0000-00-00 00:00:00', '0000-00-00 00:00:00'),
(498, 33, 'Kabupaten', 'Tolikara', '0000-00-00 00:00:00', '0000-00-00 00:00:00'),
(499, 33, 'Kabupaten', 'Waropen', '0000-00-00 00:00:00', '0000-00-00 00:00:00'),
(500, 33, 'Kabupaten', 'Yahukimo', '0000-00-00 00:00:00', '0000-00-00 00:00:00'),
(501, 33, 'Kabupaten', 'Yalimo', '0000-00-00 00:00:00', '0000-00-00 00:00:00'),
(502, 33, 'Kota', 'Jayapura', '0000-00-00 00:00:00', '0000-00-00 00:00:00'),
(503, 34, 'Kabupaten', 'Fakfak', '0000-00-00 00:00:00', '0000-00-00 00:00:00'),
(504, 34, 'Kabupaten', 'Kaimana', '0000-00-00 00:00:00', '0000-00-00 00:00:00'),
(505, 34, 'Kabupaten', 'Manokwari', '0000-00-00 00:00:00', '0000-00-00 00:00:00'),
(506, 34, 'Kabupaten', 'Manokwari Selatan', '0000-00-00 00:00:00', '0000-00-00 00:00:00'),
(507, 34, 'Kabupaten', 'Maybrat', '0000-00-00 00:00:00', '0000-00-00 00:00:00'),
(508, 34, 'Kabupaten', 'Pegunungan Arfak', '0000-00-00 00:00:00', '0000-00-00 00:00:00'),
(509, 34, 'Kabupaten', 'Raja Ampat', '0000-00-00 00:00:00', '0000-00-00 00:00:00'),
(510, 34, 'Kabupaten', 'Sorong', '0000-00-00 00:00:00', '0000-00-00 00:00:00'),
(511, 34, 'Kabupaten', 'Sorong Selatan', '0000-00-00 00:00:00', '0000-00-00 00:00:00'),
(512, 34, 'Kabupaten', 'Tambrauw', '0000-00-00 00:00:00', '0000-00-00 00:00:00'),
(513, 34, 'Kabupaten', 'Teluk Bintuni', '0000-00-00 00:00:00', '0000-00-00 00:00:00'),
(514, 34, 'Kabupaten', 'Teluk Wondama', '0000-00-00 00:00:00', '0000-00-00 00:00:00');

-- --------------------------------------------------------

--
-- Struktur dari tabel `classes`
--

CREATE TABLE `classes` (
  `id` bigint(20) UNSIGNED NOT NULL,
  `id_jurusan` int(10) UNSIGNED NOT NULL,
  `kelas` varchar(16) COLLATE utf8mb4_unicode_ci NOT NULL,
  `created_at` timestamp NULL DEFAULT NULL,
  `updated_at` timestamp NULL DEFAULT NULL
) ENGINE=InnoDB DEFAULT CHARSET=utf8mb4 COLLATE=utf8mb4_unicode_ci;

--
-- Dumping data untuk tabel `classes`
--

INSERT INTO `classes` (`id`, `id_jurusan`, `kelas`, `created_at`, `updated_at`) VALUES
(4, 1, '	XII APS 1	', '0000-00-00 00:00:00', '0000-00-00 00:00:00'),
(5, 1, '	XII APS 2	', '0000-00-00 00:00:00', '0000-00-00 00:00:00'),
(6, 1, '	XII APS 3	', '0000-00-00 00:00:00', '0000-00-00 00:00:00'),
(10, 2, '	XII MM 1	', '0000-00-00 00:00:00', '0000-00-00 00:00:00'),
(11, 2, '	XII MM 2	', '0000-00-00 00:00:00', '0000-00-00 00:00:00'),
(12, 2, '	XII MM 3	', '0000-00-00 00:00:00', '0000-00-00 00:00:00'),
(16, 3, '	XII TKR 1	', '0000-00-00 00:00:00', '0000-00-00 00:00:00'),
(17, 3, '	XII TKR 2	', '0000-00-00 00:00:00', '0000-00-00 00:00:00'),
(18, 3, '	XII TKR 3	', '0000-00-00 00:00:00', '0000-00-00 00:00:00'),
(22, 4, '	XII TKJ 1	', '0000-00-00 00:00:00', '0000-00-00 00:00:00'),
(23, 4, '	XII TKJ 2	', '0000-00-00 00:00:00', '0000-00-00 00:00:00'),
(24, 4, '	XII TKJ 3	', '0000-00-00 00:00:00', '0000-00-00 00:00:00'),
(28, 5, '	XII TSM 1	', '0000-00-00 00:00:00', '0000-00-00 00:00:00'),
(29, 5, '	XII TSM 2	', '0000-00-00 00:00:00', '0000-00-00 00:00:00'),
(30, 5, '	XII TSM 3	', '0000-00-00 00:00:00', '0000-00-00 00:00:00');

-- --------------------------------------------------------

--
-- Struktur dari tabel `enigmas`
--

CREATE TABLE `enigmas` (
  `id` bigint(20) UNSIGNED NOT NULL,
  `tanyaan` varchar(256) COLLATE utf8mb4_unicode_ci NOT NULL,
  `id_kuis` bigint(20) UNSIGNED NOT NULL,
  `created_at` timestamp NULL DEFAULT NULL,
  `updated_at` timestamp NULL DEFAULT NULL
) ENGINE=InnoDB DEFAULT CHARSET=utf8mb4 COLLATE=utf8mb4_unicode_ci;

--
-- Dumping data untuk tabel `enigmas`
--

INSERT INTO `enigmas` (`id`, `tanyaan`, `id_kuis`, `created_at`, `updated_at`) VALUES
(9, 'Apakah benar Audio merupakan bagian dari multimedia?', 10, '2022-02-04 01:38:44', '2022-02-10 10:23:46'),
(11, 'Benarkah Topologi Squere merupakan sebuah topologi jaringan?', 11, '2022-02-04 02:59:25', '2022-02-04 02:59:25');

-- --------------------------------------------------------

--
-- Struktur dari tabel `failed_jobs`
--

CREATE TABLE `failed_jobs` (
  `id` bigint(20) UNSIGNED NOT NULL,
  `uuid` varchar(255) COLLATE utf8mb4_unicode_ci NOT NULL,
  `connection` text COLLATE utf8mb4_unicode_ci NOT NULL,
  `queue` text COLLATE utf8mb4_unicode_ci NOT NULL,
  `payload` longtext COLLATE utf8mb4_unicode_ci NOT NULL,
  `exception` longtext COLLATE utf8mb4_unicode_ci NOT NULL,
  `failed_at` timestamp NOT NULL DEFAULT current_timestamp()
) ENGINE=InnoDB DEFAULT CHARSET=utf8mb4 COLLATE=utf8mb4_unicode_ci;

-- --------------------------------------------------------

--
-- Struktur dari tabel `industries`
--

CREATE TABLE `industries` (
  `id` bigint(20) UNSIGNED NOT NULL,
  `nama` varchar(64) COLLATE utf8mb4_unicode_ci NOT NULL,
  `bidang` varchar(64) COLLATE utf8mb4_unicode_ci NOT NULL,
  `menerima_jurusan` varchar(128) COLLATE utf8mb4_unicode_ci DEFAULT NULL,
  `alamat` varchar(128) COLLATE utf8mb4_unicode_ci NOT NULL,
  `kota` varchar(64) COLLATE utf8mb4_unicode_ci NOT NULL,
  `provinsi` varchar(64) COLLATE utf8mb4_unicode_ci NOT NULL,
  `email` varchar(64) COLLATE utf8mb4_unicode_ci NOT NULL,
  `n_wa` char(16) COLLATE utf8mb4_unicode_ci NOT NULL,
  `latitude` decimal(18,16) NOT NULL,
  `longitude` decimal(19,16) NOT NULL,
  `ketua` varchar(64) COLLATE utf8mb4_unicode_ci NOT NULL,
  `ni_ketua` char(18) COLLATE utf8mb4_unicode_ci DEFAULT NULL,
  `pembimbing` varchar(64) COLLATE utf8mb4_unicode_ci DEFAULT NULL,
  `n_induk` char(18) COLLATE utf8mb4_unicode_ci DEFAULT NULL,
  `id_user` bigint(20) UNSIGNED NOT NULL,
  `created_at` timestamp NULL DEFAULT NULL,
  `updated_at` timestamp NULL DEFAULT NULL
) ENGINE=InnoDB DEFAULT CHARSET=utf8mb4 COLLATE=utf8mb4_unicode_ci;

--
-- Dumping data untuk tabel `industries`
--

INSERT INTO `industries` (`id`, `nama`, `bidang`, `menerima_jurusan`, `alamat`, `kota`, `provinsi`, `email`, `n_wa`, `latitude`, `longitude`, `ketua`, `ni_ketua`, `pembimbing`, `n_induk`, `id_user`, `created_at`, `updated_at`) VALUES
(7, 'D2 Photography', 'Jasa Fotografi', 'Multimedia', 'Jl. Cikuray No.59, Regol, Kec. Garut Kota, Kabupaten Garut, Jawa Barat 44114', 'Kabupaten Garut', 'Jawa Barat', 'd2fotografi@gmail.com', '62262242389', '-7.2180278594196840', '107.9047890387247700', 'Pimpinan D2 Photography', '', NULL, NULL, 21, '2021-12-09 02:31:05', '2021-12-09 02:31:05'),
(8, 'Go Digi Photo Studio', 'Studio Fotografi', 'Multimedia', 'Jl. Ahmad Yani No.189, Ciwalen, Kec. Garut Kota, Kabupaten Garut, Jawa Barat 44116', 'Kabupaten Garut', 'Jawa Barat', 'godigi@gmail.com', '622622246913', '-7.2147069778416695', '107.9102822026156900', 'Pimpinan Go Digi Photo Studio', '', NULL, NULL, 22, '2021-12-09 02:35:15', '2021-12-09 02:35:15'),
(9, 'Fotohokkie Garut 002', 'Studio Foto', 'Multimedia', 'Jl. Terusan Pembangunan No.24, Jayaraga, Kec. Tarogong Kidul, Kabupaten Garut, Jawa Barat 44151', 'Kabupaten Garut', 'Jawa Barat', 'fotohokkie@gmail.com', '628977792830', '-7.1986124635882540', '107.8986092183887000', 'Pimpinan Fotohokkie', '', NULL, NULL, 24, '2021-12-09 02:42:59', '2021-12-09 02:42:59'),
(10, 'Percetakan Kcs', 'Percetakan Komersial', 'Multimedia', 'Jl. Cikuray No.45, Regol, Kec. Garut Kota, Kabupaten Garut, Jawa Barat 44114', 'Kabupaten Garut', 'Jawa Barat', 'percetakankcs@gmail.com', '628122309861', '-7.2162359185179920', '107.9051221181510400', 'Pimpinan Percetakan Kcs', '', NULL, NULL, 25, '2021-12-09 02:57:19', '2021-12-09 02:57:19'),
(11, 'Al-alief Percetakan', 'Toko Percetakan', 'Multimedia', 'Jl. Cikuray No.61, Regol, Kec. Garut Kota, Kabupaten Garut, Jawa Barat 44114', 'Kabupaten Garut', 'Jawa Barat', 'alalief@gmail.com', '6281809372710', '-7.2173422110072805', '107.9045212923918900', 'Pimpinan Al-alief Percetakan', '', NULL, NULL, 26, '2021-12-09 03:00:59', '2021-12-09 03:00:59'),
(12, 'Maxprint Maktal', 'Toko Spanduk', 'Multimedia', 'Jl. Cimanuk, Paminggir, Kec. Garut Kota, Kabupaten Garut, Jawa Barat 44118', 'Kabupaten Garut', 'Jawa Barat', 'maxprintmaktal@gmail.com', '6282214145789', '-7.2180227485010520', '107.9001439164577200', 'Pimpinan Maxprint Maktal', '', NULL, NULL, 27, '2021-12-09 03:05:42', '2021-12-09 03:05:42'),
(13, 'Zm 99 Auto Service', 'Bengkel Mobil', 'Teknik Kendaraan Ringan', 'Jl. Garut - Tasikmalaya No.347, Ngamplangsari, Kec. Cilawu, Kabupaten Garut, Jawa Barat 44181', 'Kabupaten Garut', 'Jawa Barat', 'zm99as@gmail.com', '6281323375686', '-7.2339707344053870', '107.9071969014024900', 'Pimpinan Zm 99 Auto Service', '', NULL, NULL, 28, '2021-12-09 03:11:26', '2021-12-09 03:11:26'),
(14, 'Sgh Car For Costumer', 'Bengkel Mobil', 'Teknik Kendaraan Ringan', 'Jl. Bratayudha No.mor 49, Regol, Kec. Garut Kota, Kabupaten Garut, Jawa Barat 44114', 'Kabupaten Garut', 'Jawa Barat', 'sghcar@gmail.com', '628997750853', '-7.2180497264851170', '107.9114243889000000', 'Pimpinan Sgh Car', '', NULL, NULL, 29, '2021-12-09 03:16:02', '2021-12-09 03:16:02'),
(15, 'Prambanan Auto Care', 'Bengkel Mobil', 'Teknik Kendaraan Ringan', 'Jl. Galumpit, Kota Kulon, Kec. Garut Kota, Kabupaten Garut, Jawa Barat 44112', 'Kabupaten Garut', 'Jawa Barat', 'prambananautocare@gmail.com', '62262231169', '-7.2265646956283480', '107.9129693412443200', 'Pimpinan Prambanan Auto Care', '', NULL, NULL, 30, '2021-12-09 03:21:18', '2021-12-09 03:21:18'),
(16, 'Mm Motor', 'Bengkel Sepeda Motor', 'Teknik Sepeda Motor', 'Jl. Galumpit, Kota Kulon, Kec. Garut Kota, Kabupaten Garut, Jawa Barat 44112', 'Kabupaten Garut', 'Jawa Barat', 'mmmotor@gmail.com', '6281808064647', '-7.2323243489466930', '107.9122744690407000', 'Pimpinan Mm Motor', '', NULL, NULL, 31, '2021-12-09 03:30:53', '2021-12-09 03:30:53'),
(17, 'Bms Motor', 'Bengkel Sepeda Motor', 'Teknik Sepeda Motor', 'Jl. Ciledug Sukadana No.304, Kota Kulon, Kec. Garut Kota, Kabupaten Garut, Jawa Barat 44112', 'Kabupaten Garut', 'Jawa Barat', 'bmsmotor@gmail.com', '6282118844866', '-7.2299402041498055', '-7.2299402041498055', 'Pimpinan Bms Motor', '', NULL, NULL, 32, '2021-12-09 03:35:53', '2021-12-09 03:35:53'),
(18, 'Anugrah Motor Care', 'Bengkel Sepeda Motor', 'Teknik Sepeda Motor', 'Jl. Gagak Lumayung No.38, Kota Wetan, Kec. Garut Kota, Kabupaten Garut, Jawa Barat 44111', 'Kabupaten Garut', 'Jawa Barat', 'anugrahmc@gmail.com', '6285222296918', '-7.2152842284752210', '107.9148904530020400', 'Pimpinan Anugrah Motor Care', '', NULL, NULL, 33, '2021-12-09 03:39:38', '2021-12-09 03:39:38'),
(19, 'Abadi Jaya', 'Koperasi Simpan Pinjam', 'Akuntansi Perbankan Syariah', 'Jl. Pasundan No.110, Kota Kulon, Kec. Garut Kota, Kabupaten Garut, Jawa Barat 44112', 'Kabupaten Garut', 'Jawa Barat', 'abadijaya@gmail.com', '62262236248', '-7.2191982550681240', '107.9067348981830500', 'Pimpinan Abadi Jaya', '', NULL, NULL, 34, '2021-12-09 04:06:21', '2021-12-09 04:06:21'),
(20, 'Koperasi Padamukti', 'Bank', 'Akuntansi Perbankan Syariah', 'Jl. Pakuwon, Pakuwon, Kec. Garut Kota, Kabupaten Garut, Jawa Barat 44117', 'Kabupaten Garut', 'Jawa Barat', 'koperasipadamukti@gmail.com', '62262233632', '-7.2086019309237500', '107.9028871271757500', 'Pimpinan Koperasi Padamukti', '', NULL, NULL, 35, '2021-12-09 04:09:59', '2021-12-09 04:09:59'),
(21, 'Koperasi Sentosa Cabang Garut', 'Kantor Perusahaan', 'Akuntansi Perbankan Syariah', 'Jl. Kabupaten Garut No.10, Rt.02/rw.10, Paminggir, Kec. Garut Kota, Kabupaten Garut, Jawa Barat 44118', 'Kabupaten Garut', 'Jawa Barat', 'koperasisentosa@gmail.com', '02622808188', '-7.2075801025288140', '107.8994538997439200', 'Pimpinan Koperasi Sentosa', '', NULL, NULL, 36, '2021-12-09 04:14:01', '2021-12-09 04:14:01'),
(22, 'Biznet Branch Garut', 'Penyedia Layanan Internet', 'Teknik Komputer Jaringan', 'Jl. Pahlawan No.55a, Sukagalih, Kec. Tarogong Kidul, Kabupaten Garut, Jawa Barat 44151', 'Kabupaten Garut', 'Jawa Barat', 'biznetgarut@gmail.com', '622622808056', '-7.1691660104261860', '107.8841371002758600', 'Pimpinan Biznet Brench Garut', '', NULL, NULL, 37, '2021-12-09 05:26:15', '2021-12-09 05:26:15'),
(23, 'Pt. Rahajasa Media Internet Garut (radnet)', 'Konsultan Komputer', 'Teknik Komputer Jaringan', 'Reks Holding, Jl. Cimanuk No.311, Pataruman, Kec. Tarogong Kidul, Kabupaten Garut, Jawa Barat 44151', 'Kabupaten Garut', 'Jawa Barat', 'radnetgarut@gmail.com', '622629153300', '-7.1720085195888860', '107.8887427002758600', 'Pimpinan Radnet Garut', '', NULL, NULL, 38, '2021-12-09 05:30:05', '2021-12-09 05:30:05'),
(24, 'Pendaftaran Indihome Garut', 'Layanan Pemasaran Internet', 'Teknik Komputer Jaringan', 'Jl. Siliwangi, Pakuwon, Kec. Garut Kota, Kabupaten Garut, Jawa Barat 44111', 'Kabupaten Garut', 'Jawa Barat', 'indihomegarut@gmail.com', '6285703221181', '-7.2098717887266680', '107.9046813978121500', 'Pimpinan Indihome Garut', '', NULL, NULL, 39, '2021-12-09 05:34:44', '2021-12-09 05:34:44');

-- --------------------------------------------------------

--
-- Struktur dari tabel `majors`
--

CREATE TABLE `majors` (
  `id` int(10) UNSIGNED NOT NULL,
  `jurusan` varchar(32) COLLATE utf8mb4_unicode_ci NOT NULL,
  `created_at` timestamp NULL DEFAULT NULL,
  `updated_at` timestamp NULL DEFAULT NULL
) ENGINE=InnoDB DEFAULT CHARSET=utf8mb4 COLLATE=utf8mb4_unicode_ci;

--
-- Dumping data untuk tabel `majors`
--

INSERT INTO `majors` (`id`, `jurusan`, `created_at`, `updated_at`) VALUES
(1, '	Akuntansi Perbankan Syariah', '0000-00-00 00:00:00', '0000-00-00 00:00:00'),
(2, '	Multimedia', '0000-00-00 00:00:00', '0000-00-00 00:00:00'),
(3, '	Teknik Kendaraan Ringan	', '0000-00-00 00:00:00', '0000-00-00 00:00:00'),
(4, '	Teknik Komputer Jaringan', '0000-00-00 00:00:00', '0000-00-00 00:00:00'),
(5, '	Teknik Sepeda Motor', '0000-00-00 00:00:00', '0000-00-00 00:00:00');

-- --------------------------------------------------------

--
-- Struktur dari tabel `menus`
--

CREATE TABLE `menus` (
  `id` bigint(20) UNSIGNED NOT NULL,
  `menu` varchar(32) COLLATE utf8mb4_unicode_ci NOT NULL,
  `aktif` tinyint(1) NOT NULL,
  `created_at` timestamp NULL DEFAULT NULL,
  `updated_at` timestamp NULL DEFAULT NULL
) ENGINE=InnoDB DEFAULT CHARSET=utf8mb4 COLLATE=utf8mb4_unicode_ci;

--
-- Dumping data untuk tabel `menus`
--

INSERT INTO `menus` (`id`, `menu`, `aktif`, `created_at`, `updated_at`) VALUES
(1, 'Registrasi Siswa', 1, '2021-07-08 06:33:34', '2021-07-12 04:14:45'),
(2, 'Registrasi Industri', 1, '2021-07-08 06:33:34', '2021-07-08 06:33:34'),
(3, 'Registrasi Guru', 1, '2021-07-08 06:34:58', '2021-07-08 06:34:58'),
(4, 'Registrasi Admin', 1, '2021-07-08 06:34:58', '2021-07-08 06:34:58'),
(5, 'Pilih Lokasi', 1, NULL, NULL),
(6, 'Pengajuan Siswa', 1, NULL, NULL),
(7, 'Absensi', 1, NULL, NULL),
(8, 'Tugas', 1, NULL, NULL),
(9, 'Kunjungan', 1, NULL, NULL),
(10, 'Penilaian Industri', 1, NULL, NULL),
(11, 'Laporan', 1, NULL, NULL),
(12, 'Presentasi', 1, NULL, NULL),
(13, 'Penentuan Penguji', 1, NULL, NULL),
(14, 'Pengujian', 1, NULL, NULL),
(15, 'Nilai', 1, NULL, NULL);

-- --------------------------------------------------------

--
-- Struktur dari tabel `migrations`
--

CREATE TABLE `migrations` (
  `id` int(10) UNSIGNED NOT NULL,
  `migration` varchar(255) COLLATE utf8mb4_unicode_ci NOT NULL,
  `batch` int(11) NOT NULL
) ENGINE=InnoDB DEFAULT CHARSET=utf8mb4 COLLATE=utf8mb4_unicode_ci;

--
-- Dumping data untuk tabel `migrations`
--

INSERT INTO `migrations` (`id`, `migration`, `batch`) VALUES
(118, '2021_05_25_033007_create_schools_table', 1),
(226, '2014_10_12_000000_create_users_table', 2),
(227, '2014_10_12_100000_create_password_resets_table', 2),
(228, '2019_08_19_000000_create_failed_jobs_table', 2),
(229, '2021_04_21_040214_create_students_table', 2),
(230, '2021_04_21_041520_create_teachers_table', 2),
(231, '2021_04_21_042215_create_industries_table', 2),
(232, '2021_05_25_030407_create_schools_table', 2),
(233, '2021_05_25_094942_create_submissions_table', 2),
(234, '2021_05_25_095441_create_placements_table', 2),
(235, '2021_05_25_095652_create_tests_table', 2),
(236, '2021_05_25_095833_create_scores_table', 2),
(237, '2021_05_25_100000_create_calendars_table', 2),
(238, '2021_05_25_100409_create_presences_table', 2),
(239, '2021_05_25_100726_create_tasks_table', 2),
(240, '2021_05_25_100804_create_myjobs_table', 2),
(241, '2021_05_25_101001_create_reports_table', 2),
(242, '2021_05_25_101158_create_presentations_table', 2),
(243, '2021_05_25_101405_create_visits_table', 2),
(244, '2021_05_25_102044_create_menus_table', 2),
(253, '2021_05_25_100831_create_quizzes_table', 3),
(254, '2021_05_25_100902_create_enigmas_table', 3),
(255, '2021_05_25_100930_create_choices_table', 3),
(256, '2021_05_25_100955_create_answers_table', 3),
(257, '2021_05_25_101003_create_myquizs_table', 3);

-- --------------------------------------------------------

--
-- Struktur dari tabel `myjobs`
--

CREATE TABLE `myjobs` (
  `id` bigint(20) UNSIGNED NOT NULL,
  `nis` char(10) COLLATE utf8mb4_unicode_ci NOT NULL,
  `id_tugas` bigint(20) UNSIGNED NOT NULL,
  `file` varchar(255) COLLATE utf8mb4_unicode_ci DEFAULT NULL,
  `nilai` int(11) DEFAULT NULL,
  `created_at` timestamp NULL DEFAULT NULL,
  `updated_at` timestamp NULL DEFAULT NULL
) ENGINE=InnoDB DEFAULT CHARSET=utf8mb4 COLLATE=utf8mb4_unicode_ci;

--
-- Dumping data untuk tabel `myjobs`
--

INSERT INTO `myjobs` (`id`, `nis`, `id_tugas`, `file`, `nilai`, `created_at`, `updated_at`) VALUES
(2, '1234567801', 9, 'haskerja1234567801_1_1643945185.png', 85, '2022-02-04 03:26:25', '2022-02-04 07:49:11'),
(3, '1234567801', 8, 'haskerja1234567801_1_1643945220.png', 80, '2022-02-04 03:27:00', '2022-02-04 03:46:34'),
(4, '1234567801', 6, 'haskerja1234567801_1_1643945249.png', 85, '2022-02-04 03:27:29', '2022-02-04 08:23:15'),
(5, '1234567802', 9, 'haskerja1234567802_1_1643945938.png', 80, '2022-02-04 03:38:58', '2022-02-04 07:49:15'),
(6, '1234567802', 8, 'haskerja1234567802_1_1643945947.png', 85, '2022-02-04 03:39:07', '2022-02-04 03:46:42'),
(7, '1234567802', 6, 'haskerja1234567802_1_1643945958.png', 80, '2022-02-04 03:39:18', '2022-02-04 08:23:36');

-- --------------------------------------------------------

--
-- Struktur dari tabel `myquizzes`
--

CREATE TABLE `myquizzes` (
  `id` bigint(20) UNSIGNED NOT NULL,
  `nis` char(10) COLLATE utf8mb4_unicode_ci NOT NULL,
  `id_kuis` bigint(20) UNSIGNED NOT NULL,
  `nilai` double(8,2) DEFAULT NULL,
  `created_at` timestamp NULL DEFAULT NULL,
  `updated_at` timestamp NULL DEFAULT NULL
) ENGINE=InnoDB DEFAULT CHARSET=utf8mb4 COLLATE=utf8mb4_unicode_ci;

--
-- Dumping data untuk tabel `myquizzes`
--

INSERT INTO `myquizzes` (`id`, `nis`, `id_kuis`, `nilai`, `created_at`, `updated_at`) VALUES
(2, '1234567801', 10, 100.00, '2022-02-04 03:27:39', '2022-02-04 03:27:39'),
(3, '1234567802', 10, 100.00, '2022-02-04 03:35:43', '2022-02-04 03:35:43');

-- --------------------------------------------------------

--
-- Struktur dari tabel `password_resets`
--

CREATE TABLE `password_resets` (
  `email` varchar(255) COLLATE utf8mb4_unicode_ci NOT NULL,
  `token` varchar(255) COLLATE utf8mb4_unicode_ci NOT NULL,
  `created_at` timestamp NULL DEFAULT NULL
) ENGINE=InnoDB DEFAULT CHARSET=utf8mb4 COLLATE=utf8mb4_unicode_ci;

-- --------------------------------------------------------

--
-- Struktur dari tabel `placements`
--

CREATE TABLE `placements` (
  `id` bigint(20) UNSIGNED NOT NULL,
  `nis` char(10) COLLATE utf8mb4_unicode_ci NOT NULL,
  `n_induk` char(18) COLLATE utf8mb4_unicode_ci DEFAULT NULL,
  `id_industri` bigint(20) UNSIGNED DEFAULT NULL,
  `mulai` date DEFAULT NULL,
  `sampai` date DEFAULT NULL,
  `waktu_masuk` time DEFAULT NULL,
  `waktu_keluar` time DEFAULT NULL,
  `created_at` timestamp NULL DEFAULT NULL,
  `updated_at` timestamp NULL DEFAULT NULL
) ENGINE=InnoDB DEFAULT CHARSET=utf8mb4 COLLATE=utf8mb4_unicode_ci;

--
-- Dumping data untuk tabel `placements`
--

INSERT INTO `placements` (`id`, `nis`, `n_induk`, `id_industri`, `mulai`, `sampai`, `waktu_masuk`, `waktu_keluar`, `created_at`, `updated_at`) VALUES
(4, '1234567801', '1234567801234567', 7, '2021-12-01', '2021-12-31', '08:00:00', '00:02:00', '2021-12-09 08:02:22', '2022-02-03 22:40:52'),
(8, '1236547801', '1234567801234566', 15, '2021-12-01', '2021-12-31', '08:30:00', '00:45:00', '2021-12-09 08:47:28', '2021-12-09 08:47:28'),
(9, '1234567811', '1234567801234566', 15, '2021-12-01', '2022-02-28', '08:00:00', '00:00:00', '2022-02-01 03:12:36', '2022-02-01 03:25:24'),
(10, '1234567802', '1234567801234567', 7, '2021-12-01', '2022-02-28', '13:00:00', '16:00:00', '2022-02-03 03:44:41', '2022-02-03 22:40:37'),
(11, '1234567876', '1234567801234562', 22, '2021-12-01', '2022-02-28', '08:00:00', '00:00:00', '2022-02-03 22:51:54', '2022-02-03 22:51:54'),
(12, '1234567877', '1234567801234562', 22, '2021-12-01', '2022-02-28', '08:00:00', '00:00:00', '2022-02-03 22:52:19', '2022-02-04 03:05:44');

-- --------------------------------------------------------

--
-- Struktur dari tabel `presences`
--

CREATE TABLE `presences` (
  `id` bigint(20) UNSIGNED NOT NULL,
  `nis` char(10) COLLATE utf8mb4_unicode_ci NOT NULL,
  `hadir` tinyint(1) NOT NULL,
  `id_kalender` bigint(20) UNSIGNED NOT NULL,
  `file` varchar(255) COLLATE utf8mb4_unicode_ci DEFAULT NULL,
  `created_at` timestamp NULL DEFAULT NULL,
  `updated_at` timestamp NULL DEFAULT NULL
) ENGINE=InnoDB DEFAULT CHARSET=utf8mb4 COLLATE=utf8mb4_unicode_ci;

--
-- Dumping data untuk tabel `presences`
--

INSERT INTO `presences` (`id`, `nis`, `hadir`, `id_kalender`, `file`, `created_at`, `updated_at`) VALUES
(2, '1234567801', 1, 9, 'absen1234567801_1_1643862297.png', '2022-02-03 04:24:57', '2022-02-03 04:24:57'),
(3, '1234567801', 1, 10, 'absen1234567801_1_1643862326.png', '2022-02-03 04:25:26', '2022-02-03 04:25:26'),
(4, '1234567801', 1, 11, 'absen1234567801_1_1643945574.png', '2022-02-04 03:32:54', '2022-02-04 03:32:54'),
(5, '1234567801', 1, 12, 'absen1234567801_1_1643945587.png', '2022-02-04 03:33:07', '2022-02-04 03:33:07'),
(6, '1234567801', 1, 13, 'absen1234567801_1_1643945606.png', '2022-02-04 03:33:26', '2022-02-04 03:33:26'),
(7, '1234567802', 1, 9, 'absen1234567802_1_1643945788.png', '2022-02-04 03:36:28', '2022-02-04 03:36:28'),
(8, '1234567802', 1, 10, 'absen1234567802_1_1643945804.png', '2022-02-04 03:36:44', '2022-02-04 03:36:44'),
(9, '1234567802', 1, 11, 'absen1234567802_1_1643945813.png', '2022-02-04 03:36:53', '2022-02-04 03:36:53'),
(10, '1234567802', 1, 12, 'absen1234567802_1_1643945825.png', '2022-02-04 03:37:05', '2022-02-04 03:37:05');

-- --------------------------------------------------------

--
-- Struktur dari tabel `presentations`
--

CREATE TABLE `presentations` (
  `id` bigint(20) UNSIGNED NOT NULL,
  `nis` char(10) COLLATE utf8mb4_unicode_ci NOT NULL,
  `presentasi` varchar(255) COLLATE utf8mb4_unicode_ci NOT NULL,
  `nilai_a` int(11) DEFAULT NULL,
  `nilai_b` int(11) DEFAULT NULL,
  `created_at` timestamp NULL DEFAULT NULL,
  `updated_at` timestamp NULL DEFAULT NULL
) ENGINE=InnoDB DEFAULT CHARSET=utf8mb4 COLLATE=utf8mb4_unicode_ci;

--
-- Dumping data untuk tabel `presentations`
--

INSERT INTO `presentations` (`id`, `nis`, `presentasi`, `nilai_a`, `nilai_b`, `created_at`, `updated_at`) VALUES
(2, '1234567801', 'presentasi1234567801_KELOMPOK6_1643945534.pptx', 80, 80, '2022-02-04 03:32:14', '2022-02-06 00:05:26'),
(3, '1234567802', 'presentasi1234567802_presentasi1234567801_KELOMPOK6_1625048828 (1)_1643945913.pptx', 80, 80, '2022-02-04 03:38:33', '2022-02-06 00:00:22');

-- --------------------------------------------------------

--
-- Struktur dari tabel `provinces`
--

CREATE TABLE `provinces` (
  `id` int(10) UNSIGNED NOT NULL,
  `provinsi` varchar(128) COLLATE utf8mb4_unicode_ci NOT NULL,
  `created_at` timestamp NULL DEFAULT NULL,
  `updated_at` timestamp NULL DEFAULT NULL
) ENGINE=InnoDB DEFAULT CHARSET=utf8mb4 COLLATE=utf8mb4_unicode_ci;

--
-- Dumping data untuk tabel `provinces`
--

INSERT INTO `provinces` (`id`, `provinsi`, `created_at`, `updated_at`) VALUES
(1, 'Nangro Aceh Darussalam', '0000-00-00 00:00:00', '0000-00-00 00:00:00'),
(2, 'Sumatera Utara', '0000-00-00 00:00:00', '0000-00-00 00:00:00'),
(3, 'Sumatera Barat', '0000-00-00 00:00:00', '0000-00-00 00:00:00'),
(4, 'Sumatera Selatan', '0000-00-00 00:00:00', '0000-00-00 00:00:00'),
(5, 'Riau', '0000-00-00 00:00:00', '0000-00-00 00:00:00'),
(6, 'Kepulauan Riau', '0000-00-00 00:00:00', '0000-00-00 00:00:00'),
(7, 'Jambi', '0000-00-00 00:00:00', '0000-00-00 00:00:00'),
(8, 'Bengkulu', '0000-00-00 00:00:00', '0000-00-00 00:00:00'),
(9, 'Bangka Belitung', '0000-00-00 00:00:00', '0000-00-00 00:00:00'),
(10, 'Lampung', '0000-00-00 00:00:00', '0000-00-00 00:00:00'),
(11, 'Banten', '0000-00-00 00:00:00', '0000-00-00 00:00:00'),
(12, 'Jawa Barat', '0000-00-00 00:00:00', '0000-00-00 00:00:00'),
(13, 'Jawa Tengah', '0000-00-00 00:00:00', '0000-00-00 00:00:00'),
(14, 'Jawa Timur', '0000-00-00 00:00:00', '0000-00-00 00:00:00'),
(15, 'DKI Jakarta', '0000-00-00 00:00:00', '0000-00-00 00:00:00'),
(16, 'Daerah Istimewa Yogyakarta', '0000-00-00 00:00:00', '0000-00-00 00:00:00'),
(17, 'Bali', '0000-00-00 00:00:00', '0000-00-00 00:00:00'),
(18, 'Nusa Tenggara Barat', '0000-00-00 00:00:00', '0000-00-00 00:00:00'),
(19, 'Nusa Tenggara Timur', '0000-00-00 00:00:00', '0000-00-00 00:00:00'),
(20, 'Kalimantan Barat', '0000-00-00 00:00:00', '0000-00-00 00:00:00'),
(21, 'Kalimantan Selatan', '0000-00-00 00:00:00', '0000-00-00 00:00:00'),
(22, 'Kalimantan Tengah', '0000-00-00 00:00:00', '0000-00-00 00:00:00'),
(23, 'Kalimantan Timur', '0000-00-00 00:00:00', '0000-00-00 00:00:00'),
(24, 'Kalimantan Utara', '0000-00-00 00:00:00', '0000-00-00 00:00:00'),
(25, 'Gorontalo', '0000-00-00 00:00:00', '0000-00-00 00:00:00'),
(26, 'Sulawesi Selatan', '0000-00-00 00:00:00', '0000-00-00 00:00:00'),
(27, 'Sulawesi Tenggara', '0000-00-00 00:00:00', '0000-00-00 00:00:00'),
(28, 'Sulawesi Tengah', '0000-00-00 00:00:00', '0000-00-00 00:00:00'),
(29, 'Sulawesi Utara', '0000-00-00 00:00:00', '0000-00-00 00:00:00'),
(30, 'Sulawesi Barat', '0000-00-00 00:00:00', '0000-00-00 00:00:00'),
(31, 'Maluku', '0000-00-00 00:00:00', '0000-00-00 00:00:00'),
(32, 'Maluku Utara', '0000-00-00 00:00:00', '0000-00-00 00:00:00'),
(33, 'Papua', '0000-00-00 00:00:00', '0000-00-00 00:00:00'),
(34, 'Papua Barat', '0000-00-00 00:00:00', '0000-00-00 00:00:00');

-- --------------------------------------------------------

--
-- Struktur dari tabel `quizzes`
--

CREATE TABLE `quizzes` (
  `id` bigint(20) UNSIGNED NOT NULL,
  `kuis` varchar(128) COLLATE utf8mb4_unicode_ci NOT NULL,
  `oleh` bigint(20) UNSIGNED NOT NULL,
  `jurusan` varchar(255) COLLATE utf8mb4_unicode_ci DEFAULT NULL,
  `untuk` char(10) COLLATE utf8mb4_unicode_ci DEFAULT NULL,
  `tangakhir` date NOT NULL,
  `wakakhir` time NOT NULL,
  `created_at` timestamp NULL DEFAULT NULL,
  `updated_at` timestamp NULL DEFAULT NULL
) ENGINE=InnoDB DEFAULT CHARSET=utf8mb4 COLLATE=utf8mb4_unicode_ci;

--
-- Dumping data untuk tabel `quizzes`
--

INSERT INTO `quizzes` (`id`, `kuis`, `oleh`, `jurusan`, `untuk`, `tangakhir`, `wakakhir`, `created_at`, `updated_at`) VALUES
(10, 'Kuis Mm', 20, 'Multimedia', NULL, '2022-02-04', '12:00:00', '2022-02-04 01:36:35', '2022-02-04 01:36:35'),
(11, 'Kuis Tkj', 20, 'Teknik Komputer Jaringan', NULL, '2022-02-04', '12:00:00', '2022-02-04 02:57:42', '2022-02-04 02:57:42');

-- --------------------------------------------------------

--
-- Struktur dari tabel `reports`
--

CREATE TABLE `reports` (
  `id` bigint(20) UNSIGNED NOT NULL,
  `nis` char(10) COLLATE utf8mb4_unicode_ci NOT NULL,
  `judul` varchar(255) COLLATE utf8mb4_unicode_ci NOT NULL,
  `respon` varchar(255) COLLATE utf8mb4_unicode_ci DEFAULT NULL,
  `laporan` varchar(255) COLLATE utf8mb4_unicode_ci NOT NULL,
  `nilai_a` int(11) DEFAULT NULL,
  `nilai_b` int(11) DEFAULT NULL,
  `created_at` timestamp NULL DEFAULT NULL,
  `updated_at` timestamp NULL DEFAULT NULL
) ENGINE=InnoDB DEFAULT CHARSET=utf8mb4 COLLATE=utf8mb4_unicode_ci;

--
-- Dumping data untuk tabel `reports`
--

INSERT INTO `reports` (`id`, `nis`, `judul`, `respon`, `laporan`, `nilai_a`, `nilai_b`, `created_at`, `updated_at`) VALUES
(2, '1234567801', 'Laporan Pkl Saya', NULL, 'laporan1234567801_1706064_Taopiq Hidayat_UTS_Perencanaan dan Perancangan Pemasaran_1643945503.docx', 85, 85, '2022-02-04 03:31:43', '2022-02-06 00:05:26'),
(3, '1234567802', 'Laporan Pkl Saya', NULL, 'laporan1234567802_1706064_Taopiq Hidayat_UTS_Perencanaan dan Perancangan Pemasaran_1643945881.docx', 80, 80, '2022-02-04 03:38:01', '2022-02-06 00:00:22');

-- --------------------------------------------------------

--
-- Struktur dari tabel `schools`
--

CREATE TABLE `schools` (
  `id` int(11) NOT NULL,
  `nama` varchar(128) COLLATE utf8mb4_unicode_ci NOT NULL,
  `provinsi` varchar(255) COLLATE utf8mb4_unicode_ci NOT NULL,
  `kota` varchar(255) COLLATE utf8mb4_unicode_ci NOT NULL,
  `alamat` varchar(255) COLLATE utf8mb4_unicode_ci NOT NULL,
  `latitude` decimal(10,8) NOT NULL,
  `longitude` decimal(11,8) NOT NULL,
  `kesek` varchar(64) COLLATE utf8mb4_unicode_ci NOT NULL,
  `ni_kesek` char(18) COLLATE utf8mb4_unicode_ci NOT NULL,
  `dft_mulai` date DEFAULT NULL,
  `dft_sampai` date DEFAULT NULL,
  `clk_mulai` date DEFAULT NULL,
  `clk_sampai` date DEFAULT NULL,
  `pkl_mulai` date DEFAULT NULL,
  `pkl_sampai` date DEFAULT NULL,
  `lap_mulai` date DEFAULT NULL,
  `lap_sampai` date DEFAULT NULL,
  `uji_mulai` date DEFAULT NULL,
  `uji_sampai` date DEFAULT NULL,
  `created_at` timestamp NULL DEFAULT NULL,
  `updated_at` timestamp NULL DEFAULT NULL
) ENGINE=InnoDB DEFAULT CHARSET=utf8mb4 COLLATE=utf8mb4_unicode_ci;

--
-- Dumping data untuk tabel `schools`
--

INSERT INTO `schools` (`id`, `nama`, `provinsi`, `kota`, `alamat`, `latitude`, `longitude`, `kesek`, `ni_kesek`, `dft_mulai`, `dft_sampai`, `clk_mulai`, `clk_sampai`, `pkl_mulai`, `pkl_sampai`, `lap_mulai`, `lap_sampai`, `uji_mulai`, `uji_sampai`, `created_at`, `updated_at`) VALUES
(1, 'Sekolah Menengah Kejuruan Negeri 10 Garut', 'Jawa Barat', 'Garut', 'Jl. Garut - Tasikmalaya No.KM. 8, RW.8, Cilawu, Cigasong, Kabupaten Garut, Jawa Barat 44181.', '-7.33623280', '107.95179220', 'Kepala Sekolah', '123456781234567800', '2021-12-01', '2022-02-28', '2021-12-01', '2022-02-28', '2021-12-01', '2022-02-28', '2021-12-01', '2022-02-28', '2021-12-01', '2022-02-28', '2021-06-29 03:14:01', '2021-06-29 03:14:01');

-- --------------------------------------------------------

--
-- Struktur dari tabel `scores`
--

CREATE TABLE `scores` (
  `id` bigint(20) UNSIGNED NOT NULL,
  `nis` char(10) COLLATE utf8mb4_unicode_ci NOT NULL,
  `nilai_absensi` double(8,2) DEFAULT NULL,
  `nilai_tugas` double(8,2) DEFAULT NULL,
  `nilai_laporan` double(8,2) DEFAULT NULL,
  `nilai_presentasi` double(8,2) DEFAULT NULL,
  `nisik_indu` int(3) DEFAULT NULL,
  `nidis_indu` int(3) DEFAULT NULL,
  `nitrm_indu` int(3) DEFAULT NULL,
  `niker_indu` int(3) DEFAULT NULL,
  `nilai_pemlapangan` double(8,2) DEFAULT NULL,
  `nilai_akhir` double(6,2) DEFAULT NULL,
  `created_at` timestamp NULL DEFAULT NULL,
  `updated_at` timestamp NULL DEFAULT NULL
) ENGINE=InnoDB DEFAULT CHARSET=utf8mb4 COLLATE=utf8mb4_unicode_ci;

--
-- Dumping data untuk tabel `scores`
--

INSERT INTO `scores` (`id`, `nis`, `nilai_absensi`, `nilai_tugas`, `nilai_laporan`, `nilai_presentasi`, `nisik_indu`, `nidis_indu`, `nitrm_indu`, `niker_indu`, `nilai_pemlapangan`, `nilai_akhir`, `created_at`, `updated_at`) VALUES
(4, '1234567801', 100.00, 87.50, 85.00, 80.00, 90, 80, 80, 75, 81.25, 85.00, '2021-12-09 06:04:19', '2022-02-06 00:05:26'),
(5, '1234567802', 80.00, 86.25, 80.00, 80.00, 85, 75, 80, 80, 80.00, 81.25, '2021-12-09 06:09:33', '2022-02-06 00:00:22'),
(6, '1234567803', NULL, NULL, NULL, NULL, NULL, NULL, NULL, NULL, NULL, NULL, '2021-12-09 06:12:19', '2021-12-09 06:12:19'),
(7, '1234567804', NULL, NULL, NULL, NULL, NULL, NULL, NULL, NULL, NULL, NULL, '2021-12-09 06:15:08', '2021-12-09 06:15:08'),
(8, '1234567805', NULL, NULL, NULL, NULL, NULL, NULL, NULL, NULL, NULL, NULL, '2021-12-09 06:18:03', '2021-12-09 06:18:03'),
(9, '1234567806', NULL, NULL, NULL, NULL, NULL, NULL, NULL, NULL, NULL, NULL, '2021-12-09 06:20:07', '2021-12-09 06:20:07'),
(10, '1234567871', NULL, NULL, NULL, NULL, NULL, NULL, NULL, NULL, NULL, NULL, '2021-12-09 06:22:40', '2021-12-09 06:22:40'),
(11, '1234567872', NULL, NULL, NULL, NULL, NULL, NULL, NULL, NULL, NULL, NULL, '2021-12-09 06:24:16', '2021-12-09 06:24:16'),
(12, '1234567873', NULL, NULL, NULL, NULL, NULL, NULL, NULL, NULL, NULL, NULL, '2021-12-09 06:27:21', '2021-12-09 06:27:21'),
(13, '1234567876', NULL, NULL, NULL, NULL, NULL, NULL, NULL, NULL, NULL, NULL, '2021-12-09 06:30:23', '2021-12-09 06:30:23'),
(14, '1234567877', NULL, NULL, NULL, NULL, NULL, NULL, NULL, NULL, NULL, NULL, '2021-12-09 06:32:31', '2021-12-09 06:32:31'),
(15, '1236547801', 80.00, 80.00, 85.00, 85.00, 85, 80, 75, 75, 78.75, 74.88, '2021-12-09 06:36:00', '2022-02-02 06:11:33'),
(16, '1234567811', NULL, NULL, NULL, NULL, NULL, NULL, NULL, NULL, NULL, NULL, '2021-12-09 06:40:14', '2021-12-09 06:40:14'),
(17, '1234567813', NULL, NULL, NULL, NULL, NULL, NULL, NULL, NULL, NULL, NULL, '2021-12-09 06:42:16', '2022-02-02 06:14:17'),
(18, '1234567878', NULL, NULL, NULL, NULL, NULL, NULL, NULL, NULL, NULL, NULL, '2021-12-09 06:45:29', '2021-12-09 06:45:29'),
(19, '1111111111', NULL, NULL, NULL, NULL, NULL, NULL, NULL, NULL, NULL, NULL, '2022-02-06 00:32:12', '2022-02-06 00:32:12');

-- --------------------------------------------------------

--
-- Struktur dari tabel `students`
--

CREATE TABLE `students` (
  `id` bigint(20) UNSIGNED NOT NULL,
  `nis` char(10) COLLATE utf8mb4_unicode_ci NOT NULL,
  `nama` varchar(64) COLLATE utf8mb4_unicode_ci NOT NULL,
  `jk` varchar(16) COLLATE utf8mb4_unicode_ci NOT NULL,
  `jurusan` varchar(32) COLLATE utf8mb4_unicode_ci NOT NULL,
  `kelas` varchar(16) COLLATE utf8mb4_unicode_ci NOT NULL,
  `alamat` varchar(128) COLLATE utf8mb4_unicode_ci NOT NULL,
  `kota` varchar(64) COLLATE utf8mb4_unicode_ci NOT NULL,
  `provinsi` varchar(64) COLLATE utf8mb4_unicode_ci NOT NULL,
  `email` varchar(128) COLLATE utf8mb4_unicode_ci NOT NULL,
  `n_wa` char(16) COLLATE utf8mb4_unicode_ci NOT NULL,
  `latitude` decimal(10,8) DEFAULT NULL,
  `longitude` decimal(11,8) DEFAULT NULL,
  `id_user` bigint(20) UNSIGNED NOT NULL,
  `created_at` timestamp NULL DEFAULT NULL,
  `updated_at` timestamp NULL DEFAULT NULL
) ENGINE=InnoDB DEFAULT CHARSET=utf8mb4 COLLATE=utf8mb4_unicode_ci;

--
-- Dumping data untuk tabel `students`
--

INSERT INTO `students` (`id`, `nis`, `nama`, `jk`, `jurusan`, `kelas`, `alamat`, `kota`, `provinsi`, `email`, `n_wa`, `latitude`, `longitude`, `id_user`, `created_at`, `updated_at`) VALUES
(4, '1234567801', 'Taopiq Hidayat', 'Laki - Laki', 'Multimedia', 'Xii Mm 2', 'Kutawaringin', 'Kabupaten Tasikmalaya', 'Jawa Barat', 'taopiqhidayat98@gmail.com', '085353313588', NULL, NULL, 50, '2021-12-09 06:04:19', '2021-12-09 06:04:19'),
(5, '1234567802', 'Adi Nuryana', 'Laki - Laki', 'Multimedia', 'Xii Mm 2', 'Garut', 'Kabupaten Garut', 'Jawa Barat', 'adinuryana@gmail.com', '08123456432', NULL, NULL, 51, '2021-12-09 06:09:33', '2021-12-09 06:09:33'),
(6, '1234567803', 'Fahmi A Husni', 'Laki - Laki', 'Multimedia', 'Xii Mm 1', 'Garut', 'Kabupaten Garut', 'Jawa Barat', 'fahmiahusni@gmail.com', '08123456434', NULL, NULL, 52, '2021-12-09 06:12:19', '2021-12-09 06:12:19'),
(7, '1234567804', 'Yayan Nurhidayanti', 'Perempuan', 'Multimedia', 'Xii Mm 1', 'Margawati', 'Kabupaten Garut', 'Jawa Barat', 'yayan@gmail.com', '08123456437', NULL, NULL, 53, '2021-12-09 06:15:08', '2021-12-09 06:15:08'),
(8, '1234567805', 'Reza', 'Laki - Laki', 'Multimedia', 'Xii Mm 3', 'Garut', 'Kabupaten Garut', 'Jawa Barat', 'reza@gmail.com', '08123456436', NULL, NULL, 54, '2021-12-09 06:18:03', '2021-12-09 06:18:03'),
(9, '1234567806', 'Sinta', 'Perempuan', 'Multimedia', 'Xii Mm 3', 'Garut', 'Kabupaten Garut', 'Jawa Barat', 'sinta@gmail.com', '08123456438', NULL, NULL, 55, '2021-12-09 06:20:07', '2021-12-09 06:20:07'),
(10, '1234567871', 'Andri', 'Laki - Laki', 'Akuntansi Perbankan Syariah', 'Xii Aps 1', 'Garut', 'Kabupaten Garut', 'Jawa Barat', 'andri@gmail.com', '08123457231', NULL, NULL, 56, '2021-12-09 06:22:40', '2022-02-02 04:02:25'),
(11, '1234567872', 'Tita Tresnawti', 'Perempuan', 'Akuntansi Perbankan Syariah', 'Xii Aps 1', 'Garut', 'Kabupaten Garut', 'Jawa Barat', 'titat@gmail.com', '08123457232', NULL, NULL, 57, '2021-12-09 06:24:16', '2021-12-09 06:24:16'),
(12, '1234567873', 'Risma', 'Perempuan', 'Akuntansi Perbankan Syariah', 'Xii Aps 2', 'Garut', 'Kabupaten Garut', 'Jawa Barat', 'risma@gmail.com', '08123457234', NULL, NULL, 58, '2021-12-09 06:27:21', '2021-12-09 06:27:21'),
(13, '1234567876', 'Azis Hamzah', 'Laki - Laki', 'Teknik Komputer Jaringan', 'Xii Tkj 1', 'Kutawaringin', 'Kabupaten Tasikmalaya', 'Jawa Barat', 'azishamzah@gmail.com', '08123457236', NULL, NULL, 59, '2021-12-09 06:30:23', '2021-12-09 06:30:23'),
(14, '1234567877', 'V Anggun R', 'Perempuan', 'Teknik Komputer Jaringan', 'Xii Tkj 1', 'Garut', 'Kabupaten Garut', 'Jawa Barat', 'vanggunr@gmail.com', '08123457235', NULL, NULL, 60, '2021-12-09 06:32:31', '2021-12-09 06:32:31'),
(15, '1236547801', 'Riki Wijaya', 'Laki - Laki', 'Teknik Kendaraan Ringan', 'Xii Tkr 1', 'Garut', 'Kabupaten Garut', 'Jawa Barat', 'rikiwijaya@gmail.com', '08123457321', NULL, NULL, 61, '2021-12-09 06:36:00', '2021-12-09 06:36:00'),
(17, '1234567811', 'Rian', 'Laki - Laki', 'Teknik Kendaraan Ringan', 'Xii Tkr 2', 'Garut', 'Kabupaten Garut', 'Jawa Barat', 'rian@gmail.com', '08123457322', NULL, NULL, 63, '2021-12-09 06:40:14', '2021-12-09 06:40:14'),
(18, '1234567813', 'Ginanjar Setiawan', 'Laki - Laki', 'Teknik Sepeda Motor', 'Xii Tsm 1', 'Garut', 'Kabupaten Garut', 'Jawa Barat', 'ginanjars@gmail.com', '08123457323', NULL, NULL, 64, '2021-12-09 06:42:16', '2021-12-09 06:42:16'),
(19, '1234567878', 'Budi Permana', 'Laki - Laki', 'Teknik Sepeda Motor', 'Xii Tsm 2', 'Garut', 'Kabupaten Garut', 'Jawa Barat', 'budibudi@gmail.com', '08123457425', NULL, NULL, 65, '2021-12-09 06:45:29', '2021-12-09 06:45:29'),
(21, '1111111111', 'Rendi', 'Laki - Laki', 'Multimedia', 'Xii Mm 2', 'Kutawaringin', 'Kabupaten Tasikmalaya', 'Jawa Barat', 'rendi@gmail.com', '081111111111', NULL, NULL, 67, '2022-02-06 00:32:12', '2022-02-06 00:32:12');

-- --------------------------------------------------------

--
-- Struktur dari tabel `submissions`
--

CREATE TABLE `submissions` (
  `id` bigint(20) UNSIGNED NOT NULL,
  `nis` char(10) COLLATE utf8mb4_unicode_ci NOT NULL,
  `id_industri` bigint(20) UNSIGNED NOT NULL,
  `mulai` date NOT NULL,
  `sampai` date NOT NULL,
  `waktu_masuk` time DEFAULT NULL,
  `waktu_keluar` time DEFAULT NULL,
  `diterima` tinyint(1) DEFAULT NULL,
  `created_at` timestamp NULL DEFAULT NULL,
  `updated_at` timestamp NULL DEFAULT NULL
) ENGINE=InnoDB DEFAULT CHARSET=utf8mb4 COLLATE=utf8mb4_unicode_ci;

--
-- Dumping data untuk tabel `submissions`
--

INSERT INTO `submissions` (`id`, `nis`, `id_industri`, `mulai`, `sampai`, `waktu_masuk`, `waktu_keluar`, `diterima`, `created_at`, `updated_at`) VALUES
(4, '1234567801', 7, '2021-12-01', '2021-12-31', '08:00:00', '00:02:00', 1, '2021-12-09 07:52:54', '2021-12-09 08:08:01'),
(5, '1234567802', 7, '2021-12-01', '2022-02-28', '13:00:00', '16:00:00', 1, '2022-02-01 03:46:09', '2022-02-03 03:44:41'),
(6, '1234567876', 22, '2021-12-01', '2022-02-28', '08:00:00', '00:00:00', 1, '2022-02-03 03:25:06', '2022-02-03 22:51:54'),
(7, '1234567877', 22, '2021-12-01', '2022-02-28', '08:00:00', '00:00:00', 1, '2022-02-03 03:31:55', '2022-02-03 22:52:18');

-- --------------------------------------------------------

--
-- Struktur dari tabel `tasks`
--

CREATE TABLE `tasks` (
  `id` bigint(20) UNSIGNED NOT NULL,
  `judul` varchar(128) COLLATE utf8mb4_unicode_ci NOT NULL,
  `keterangan` varchar(256) COLLATE utf8mb4_unicode_ci NOT NULL,
  `file` varchar(255) COLLATE utf8mb4_unicode_ci DEFAULT NULL,
  `oleh` bigint(20) UNSIGNED NOT NULL,
  `jurusan` varchar(255) COLLATE utf8mb4_unicode_ci DEFAULT NULL,
  `untuk` char(10) COLLATE utf8mb4_unicode_ci DEFAULT NULL,
  `tangakhir` date NOT NULL,
  `wakakhir` time NOT NULL,
  `created_at` timestamp NULL DEFAULT NULL,
  `updated_at` timestamp NULL DEFAULT NULL
) ENGINE=InnoDB DEFAULT CHARSET=utf8mb4 COLLATE=utf8mb4_unicode_ci;

--
-- Dumping data untuk tabel `tasks`
--

INSERT INTO `tasks` (`id`, `judul`, `keterangan`, `file`, `oleh`, `jurusan`, `untuk`, `tangakhir`, `wakakhir`, `created_at`, `updated_at`) VALUES
(4, 'Topologi Star', 'Buat sebuah jaringan dengan lokal dengan topologi star', NULL, 37, '', NULL, '2022-02-04', '12:00:00', '2022-02-04 01:22:02', '2022-02-04 01:22:02'),
(5, 'Topologi Tree', 'Buat sebuah rancangan jaringan lokal dengan topologi tree', NULL, 37, '', NULL, '2022-02-04', '00:00:00', '2022-02-04 01:23:47', '2022-02-04 01:23:47'),
(6, 'Buat Poster', 'Buat poster mengenai kegiatan pkl di tempat masing - masing', NULL, 20, 'Multimedia', NULL, '2022-02-04', '12:00:00', '2022-02-04 01:34:12', '2022-02-04 01:34:12'),
(7, 'Rancangan Jaringan Lab Kompueter', 'Rancang sebuah jaringan di lab komputer sesuai impian masing - masing', NULL, 20, '', NULL, '2022-02-04', '00:00:00', '2022-02-04 01:35:48', '2022-02-04 01:35:48'),
(8, 'Edit Gambar', 'Edit gambar yang sudah di ambil tadi', NULL, 21, '', NULL, '2022-02-04', '12:00:00', '2022-02-04 03:03:10', '2022-02-04 03:03:10'),
(9, 'Buat Undangan', 'Buat desain undangan dari hasil foto tadi', NULL, 21, '', NULL, '2022-02-04', '12:00:00', '2022-02-04 03:04:07', '2022-02-04 03:04:07');

-- --------------------------------------------------------

--
-- Struktur dari tabel `teachers`
--

CREATE TABLE `teachers` (
  `id` bigint(20) UNSIGNED NOT NULL,
  `n_induk` char(18) COLLATE utf8mb4_unicode_ci NOT NULL,
  `nama` varchar(64) COLLATE utf8mb4_unicode_ci NOT NULL,
  `jk` varchar(16) COLLATE utf8mb4_unicode_ci NOT NULL,
  `jurusan` varchar(128) COLLATE utf8mb4_unicode_ci NOT NULL,
  `alamat` varchar(128) COLLATE utf8mb4_unicode_ci NOT NULL,
  `kota` varchar(64) COLLATE utf8mb4_unicode_ci NOT NULL,
  `provinsi` varchar(64) COLLATE utf8mb4_unicode_ci NOT NULL,
  `email` varchar(128) COLLATE utf8mb4_unicode_ci NOT NULL,
  `n_wa` char(16) COLLATE utf8mb4_unicode_ci NOT NULL,
  `latitude` decimal(10,8) DEFAULT NULL,
  `longitude` decimal(11,8) DEFAULT NULL,
  `id_user` bigint(20) UNSIGNED NOT NULL,
  `created_at` timestamp NULL DEFAULT NULL,
  `updated_at` timestamp NULL DEFAULT NULL
) ENGINE=InnoDB DEFAULT CHARSET=utf8mb4 COLLATE=utf8mb4_unicode_ci;

--
-- Dumping data untuk tabel `teachers`
--

INSERT INTO `teachers` (`id`, `n_induk`, `nama`, `jk`, `jurusan`, `alamat`, `kota`, `provinsi`, `email`, `n_wa`, `latitude`, `longitude`, `id_user`, `created_at`, `updated_at`) VALUES
(5, '1234567801234567', 'Ricky', 'Laki - Laki', 'Multimedia', 'Garut Kota, Kabupaten Garut', 'Kabupaten Garut', 'Jawa Barat', 'ricky@gmail.com', '083214567123', NULL, NULL, 40, '2021-12-09 05:39:58', '2021-12-09 05:39:58'),
(6, '1234567803215467', 'Tati Tresnawati', 'Perempuan', 'Multimedia', 'Garut Kota, Kabupaten Garut', 'Kabupaten Garut', 'Jawa Barat', 'tatiwati@gmail.com', '083214567812', NULL, NULL, 41, '2021-12-09 05:42:54', '2021-12-09 05:42:54'),
(7, '1234567803215468', 'Yati', 'Perempuan', 'Akuntansi Perbankan Syariah', 'Garut Kota, Kabupaten Garut', 'Kabupaten Garut', 'Jawa Barat', 'yati@gmail.com', '083214567813', NULL, NULL, 42, '2021-12-09 05:44:46', '2021-12-09 05:44:46'),
(8, '1234567801234568', 'Budi C', 'Laki - Laki', 'Akuntansi Perbankan Syariah', 'Garut Kota, Kabupaten Garut', 'Kabupaten Garut', 'Jawa Barat', 'budi@gmail.com', '083214567124', NULL, NULL, 43, '2021-12-09 05:46:05', '2022-02-03 02:35:46'),
(9, '1234567803215466', 'Husni', 'Laki - Laki', 'Teknik Kendaraan Ringan', 'Garut Kota, Kabupaten Garut', 'Kabupaten Garut', 'Jawa Barat', 'husni@gmail.com', '083214567811', NULL, NULL, 44, '2021-12-09 05:47:42', '2021-12-09 05:47:42'),
(10, '1234567801234566', 'Dewi', 'Perempuan', 'Teknik Kendaraan Ringan', 'Garut Kota, Kabupaten Garut', 'Kabupaten Garut', 'Jawa Barat', 'dewi@gmail.com', '083214567815', NULL, NULL, 45, '2021-12-09 05:49:10', '2021-12-09 05:49:10'),
(11, '1234567801234561', 'Hendraman', 'Laki - Laki', 'Teknik Sepeda Motor', 'Garut Kota, Kabupaten Garut', 'Kabupaten Garut', 'Jawa Barat', 'hendraman@gmail.com', '0832145678124', NULL, NULL, 46, '2021-12-09 05:52:51', '2021-12-09 05:52:51'),
(12, '1234567803215462', 'Yadi', 'Laki - Laki', 'Teknik Sepeda Motor', 'Garut Kota, Kabupaten Garut', 'Kabupaten Garut', 'Jawa Barat', 'yadi@gmail.com', '083214567128', NULL, NULL, 47, '2021-12-09 05:54:24', '2021-12-09 05:54:24'),
(13, '1234567801234562', 'Fahmi', 'Laki - Laki', 'Teknik Komputer Jaringan', 'Garut Kota, Kabupaten Garut', 'Kabupaten Garut', 'Jawa Barat', 'fahmi@gmail.com', '083214567817', NULL, NULL, 48, '2021-12-09 05:59:13', '2021-12-09 05:59:13'),
(14, '1234567803215463', 'Tuti', 'Perempuan', 'Teknik Komputer Jaringan', 'Garut Kota, Kabupaten Garut', 'Kabupaten Garut', 'Jawa Barat', 'tuti@gmail.com', '083214567125', NULL, NULL, 49, '2021-12-09 06:02:07', '2021-12-09 06:02:07');

-- --------------------------------------------------------

--
-- Struktur dari tabel `tests`
--

CREATE TABLE `tests` (
  `id` bigint(20) UNSIGNED NOT NULL,
  `nis` char(10) COLLATE utf8mb4_unicode_ci NOT NULL,
  `pembimbing` char(255) COLLATE utf8mb4_unicode_ci NOT NULL,
  `penguji` char(255) COLLATE utf8mb4_unicode_ci DEFAULT NULL,
  `tanggal` date DEFAULT NULL,
  `waktu` time DEFAULT NULL,
  `created_at` timestamp NULL DEFAULT NULL,
  `updated_at` timestamp NULL DEFAULT NULL
) ENGINE=InnoDB DEFAULT CHARSET=utf8mb4 COLLATE=utf8mb4_unicode_ci;

--
-- Dumping data untuk tabel `tests`
--

INSERT INTO `tests` (`id`, `nis`, `pembimbing`, `penguji`, `tanggal`, `waktu`, `created_at`, `updated_at`) VALUES
(3, '1234567801', '1234567801234567', '1234567803215467', '2022-02-04', '08:00:00', '2021-12-09 08:02:22', '2022-02-04 03:09:49'),
(7, '1236547801', '1234567801234566', '1234567803215466', '2022-01-01', '09:30:00', '2021-12-09 08:47:28', '2022-02-04 03:07:47'),
(8, '1234567811', '1234567801234566', '1234567803215466', '2022-01-01', '09:00:00', '2022-02-01 03:12:37', '2022-02-04 03:08:00'),
(9, '1234567802', '1234567801234567', '1234567803215467', '2022-02-04', '13:00:00', '2022-02-03 03:44:41', '2022-02-04 03:10:16'),
(10, '1234567876', '1234567801234562', '1234567803215463', '2022-02-04', '09:00:00', '2022-02-03 22:51:54', '2022-02-04 03:09:14'),
(11, '1234567877', '1234567801234562', '1234567803215463', '2022-02-04', '10:00:00', '2022-02-03 22:52:19', '2022-02-04 03:08:46');

-- --------------------------------------------------------

--
-- Struktur dari tabel `users`
--

CREATE TABLE `users` (
  `id` bigint(20) UNSIGNED NOT NULL,
  `name` varchar(255) COLLATE utf8mb4_unicode_ci NOT NULL,
  `username` varchar(255) COLLATE utf8mb4_unicode_ci NOT NULL,
  `id_gmail` varchar(255) COLLATE utf8mb4_unicode_ci DEFAULT NULL,
  `email` varchar(255) COLLATE utf8mb4_unicode_ci NOT NULL,
  `n_wa` char(16) COLLATE utf8mb4_unicode_ci NOT NULL,
  `email_verified_at` timestamp NULL DEFAULT NULL,
  `password` varchar(255) COLLATE utf8mb4_unicode_ci NOT NULL,
  `foto` varchar(255) COLLATE utf8mb4_unicode_ci DEFAULT NULL,
  `is_admin` tinyint(1) DEFAULT NULL,
  `is_guru` tinyint(1) DEFAULT NULL,
  `is_industri` tinyint(1) DEFAULT NULL,
  `is_siswa` tinyint(1) DEFAULT NULL,
  `remember_token` varchar(100) COLLATE utf8mb4_unicode_ci DEFAULT NULL,
  `created_at` timestamp NULL DEFAULT NULL,
  `updated_at` timestamp NULL DEFAULT NULL
) ENGINE=InnoDB DEFAULT CHARSET=utf8mb4 COLLATE=utf8mb4_unicode_ci;

--
-- Dumping data untuk tabel `users`
--

INSERT INTO `users` (`id`, `name`, `username`, `id_gmail`, `email`, `n_wa`, `email_verified_at`, `password`, `foto`, `is_admin`, `is_guru`, `is_industri`, `is_siswa`, `remember_token`, `created_at`, `updated_at`) VALUES
(20, 'Darwan', 'admin01', NULL, 'darwan@gmail.com', '0812345678321', '2021-12-08 23:22:05', '$2y$10$SVpRCkUmRScwj6cUCl2/tej3v.M5WLEnQLF1MpVPxepOAew1c23b6', NULL, 1, 0, 0, 0, NULL, '2021-12-08 23:22:06', '2022-02-02 03:53:52'),
(21, 'D2 Photography', 'd2fotografi', NULL, 'd2fotografi@gmail.com', '62262242389', '2021-12-09 02:31:04', '$2y$10$HhqO1M7LKSro6fb.2anJnewL5aBOdqa2I0/sX78rBJv5pKiuPgOXm', NULL, 0, 0, 1, 0, NULL, '2021-12-09 02:31:05', '2021-12-09 02:31:05'),
(22, 'Go Digi Photo Studio', 'godigi', NULL, 'godigi@gmail.com', '622622246913', '2021-12-09 02:35:15', '$2y$10$rTlUuVjfmrbXkXnESlBqOOPoVdoij654KU0aZhROzy.CxT5oFn2.m', NULL, 0, 0, 1, 0, NULL, '2021-12-09 02:35:15', '2021-12-09 02:35:15'),
(24, 'Fotohokkie Garut 002', 'fotohokkie', NULL, 'fotohokkie@gmail.com', '628977792830', '2021-12-09 02:42:58', '$2y$10$cypVvy5VJ5IkbzSXYavOOOqdjJOPs9hiJ1ueSonngW3fFQxPbh7Zy', NULL, 0, 0, 1, 0, NULL, '2021-12-09 02:42:59', '2021-12-09 02:42:59'),
(25, 'Percetakan Kcs', 'percetakankcs', NULL, 'percetakankcs@gmail.com', '628122309861', '2021-12-09 02:57:18', '$2y$10$WpXZbI8jCF25X2NObUZwrekqK8GjjCVXZOSZ4BlbMk3M1E93AtnJC', NULL, 0, 0, 1, 0, NULL, '2021-12-09 02:57:19', '2021-12-09 02:57:19'),
(26, 'Al-alief Percetakan', 'alalief', NULL, 'alalief@gmail.com', '6281809372710', '2021-12-09 03:00:59', '$2y$10$QSmLipPq4QpXjnEwXDrrt.ecIMTDnH4ggiDn0O3qnHpUyjt7b6NLS', NULL, 0, 0, 1, 0, NULL, '2021-12-09 03:00:59', '2021-12-09 03:00:59'),
(27, 'Maxprint Maktal', 'maxprintmaktal', NULL, 'maxprintmaktal@gmail.com', '6282214145789', '2021-12-09 03:05:41', '$2y$10$5rkRofsI9hvPJ301Ec9pvOoZBOtu5HbagjSJZ6/27laolgdxpT..C', NULL, 0, 0, 1, 0, NULL, '2021-12-09 03:05:42', '2021-12-09 03:05:42'),
(28, 'Zm 99 Auto Service', 'zm99as', NULL, 'zm99as@gmail.com', '6281323375686', '2021-12-09 03:11:25', '$2y$10$uAwB4Vg1RsCvy55dXHD0Puk/cX.qsLNAA9QUOT.AfL5Wy2KWD0gzq', NULL, 0, 0, 1, 0, NULL, '2021-12-09 03:11:26', '2021-12-09 03:11:26'),
(29, 'Sgh Car For Costumer', 'sghcar', NULL, 'sghcar@gmail.com', '628997750853', '2021-12-09 03:16:02', '$2y$10$Brw22bSZd/b3xd8I5T1xYOSHbc2GR3KGpVvo/R.SBt/VKvjRRZq9G', NULL, 0, 0, 1, 0, NULL, '2021-12-09 03:16:02', '2021-12-09 03:16:02'),
(30, 'Prambanan Auto Care', 'prambananac', NULL, 'prambananautocare@gmail.com', '62262231169', '2021-12-09 03:21:18', '$2y$10$DCDwDQ5JUzMq8JAKid3KiuLKVicitIuAdCswuSd1PXg2EygpX.Hui', NULL, 0, 0, 1, 0, NULL, '2021-12-09 03:21:18', '2021-12-09 03:21:18'),
(31, 'Mm Motor', 'mmmotor', NULL, 'mmmotor@gmail.com', '6281808064647', '2021-12-09 03:30:53', '$2y$10$xlxjZJ77OfVMs4C2VsEU/u6QnYp9ndsd5ush0hs8PSZhy3pZe.GhW', NULL, 0, 0, 1, 0, NULL, '2021-12-09 03:30:53', '2021-12-09 03:30:53'),
(32, 'Bms Motor', 'bmsmotor', NULL, 'bmsmotor@gmail.com', '6282118844866', '2021-12-09 03:35:53', '$2y$10$1FDXqnvwq3JHNi17DXsPPOn9blU7SqtgIjtYJUwHST7op3SkoiuKS', NULL, 0, 0, 1, 0, NULL, '2021-12-09 03:35:53', '2021-12-09 03:35:53'),
(33, 'Anugrah Motor Care', 'anugrahmc', NULL, 'anugrahmc@gmail.com', '6285222296918', '2021-12-09 03:39:38', '$2y$10$PD1c3BzmDVycJp4jLTorWOubmunEC2uOueCdWGigqxj.zHUDNm36C', NULL, 0, 0, 1, 0, NULL, '2021-12-09 03:39:38', '2021-12-09 03:39:38'),
(34, 'Abadi Jaya', 'abadijaya', NULL, 'abadijaya@gmail.com', '62262236248', '2021-12-09 04:06:21', '$2y$10$lWfUzrZpCf6/xad8sAXuu.tTMJoeuo7.6/lKmY89s3hp3KvORM5j2', NULL, 0, 0, 1, 0, NULL, '2021-12-09 04:06:21', '2021-12-09 04:06:21'),
(35, 'Koperasi Padamukti', 'koperasipadamukti', NULL, 'koperasipadamukti@gmail.com', '62262233632', '2021-12-09 04:09:58', '$2y$10$Q1z5jzGE1ohnUcGlPjk1Z.I8uQZv4/toKlYyw61wzKadXh.b6oIiy', NULL, 0, 0, 1, 0, NULL, '2021-12-09 04:09:59', '2021-12-09 04:09:59'),
(36, 'Koperasi Sentosa Cabang Garut', 'koperasisentosa', NULL, 'koperasisentosa@gmail.com', '02622808188', '2021-12-09 04:14:00', '$2y$10$ZfI9iydsMakSjt77wdDZhOJQ6aT.HLjKhVL7zUEZqpcW7NX..u5Pi', NULL, 0, 0, 1, 0, NULL, '2021-12-09 04:14:01', '2021-12-09 04:14:01'),
(37, 'Biznet Branch Garut', 'biznet', NULL, 'biznetgarut@gmail.com', '622622808056', '2021-12-09 05:26:14', '$2y$10$HhqO1M7LKSro6fb.2anJnewL5aBOdqa2I0/sX78rBJv5pKiuPgOXm', NULL, 0, 0, 1, 0, NULL, '2021-12-09 05:26:14', '2021-12-09 05:26:14'),
(38, 'Pt. Rahajasa Media Internet Garut (radnet)', 'radnet', NULL, 'radnetgarut@gmail.com', '622629153300', '2021-12-09 05:30:05', '$2y$10$RDPHNMQSRQn3/DZbhH3uX.oSanLJJaHKW8aqLqtQmRPJ7ljxTQqFu', NULL, 0, 0, 1, 0, NULL, '2021-12-09 05:30:05', '2021-12-09 05:30:05'),
(39, 'Pendaftaran Indihome Garut', 'indihomegarut', NULL, 'indihomegarut@gmail.com', '6285703221181', '2021-12-09 05:34:43', '$2y$10$DDrcwo.FJIDzBFvpGEpVieseVKD6ps9WJbw/ACcb1Q0yifuVB3Oh2', NULL, 0, 0, 1, 0, NULL, '2021-12-09 05:34:44', '2021-12-09 05:34:44'),
(40, 'Ricky', 'ricky', NULL, 'ricky@gmail.com', '083214567123', '2021-12-09 05:39:58', '$2y$10$HhqO1M7LKSro6fb.2anJnewL5aBOdqa2I0/sX78rBJv5pKiuPgOXm', NULL, 0, 1, 0, 0, NULL, '2021-12-09 05:39:58', '2021-12-09 05:39:58'),
(41, 'Tati Tresnawati', 'tatitresnawati', NULL, 'tatiwati@gmail.com', '083214567812', '2021-12-09 05:42:54', '$2y$10$HhqO1M7LKSro6fb.2anJnewL5aBOdqa2I0/sX78rBJv5pKiuPgOXm', NULL, 0, 1, 0, 0, NULL, '2021-12-09 05:42:54', '2021-12-09 05:42:54'),
(42, 'Yati', 'yati', NULL, 'yati@gmail.com', '083214567813', '2021-12-09 05:44:46', '$2y$10$PJTkJYhc1t4EWbzSkJwzd.utrHXerhTMhgE5KZPL9WiKs2jwh.twe', NULL, 0, 1, 0, 0, NULL, '2021-12-09 05:44:46', '2021-12-09 05:44:46'),
(43, 'Budi C', 'budi', NULL, 'budi@gmail.com', '083214567124', '2021-12-09 05:46:04', '$2y$10$M/JVw2HLUbHEDXFpOsmJa.tI6dhMaIlUA8spJE0yvd6J1R7eLjGXW', NULL, 0, 1, 0, 0, NULL, '2021-12-09 05:46:05', '2022-02-03 02:35:45'),
(44, 'Husni', 'husni', NULL, 'husni@gmail.com', '083214567811', '2021-12-09 05:47:42', '$2y$10$7ePs4QXDfd7rWSfYCAbKc.k1qF/YjbDm0ibyn6t5mtzVrZH/4t7CW', NULL, 0, 1, 0, 0, NULL, '2021-12-09 05:47:42', '2021-12-09 05:47:42'),
(45, 'Dewi', 'dewi', NULL, 'dewi@gmail.com', '083214567815', '2021-12-09 05:49:09', '$2y$10$7ggdennXGHJ6Ez58TCF2.uwnRfCALrP8UYuvX3WaFKClhUzYGbTL.', NULL, 0, 1, 0, 0, NULL, '2021-12-09 05:49:10', '2021-12-09 05:49:10'),
(46, 'Hendraman', 'hendraman', NULL, 'hendraman@gmail.com', '0832145678124', '2021-12-09 05:52:51', '$2y$10$PyhJzAIHS6DN9MGXukWkF.8zQtyYFnXAXNuSB4aBrsTm.f.iY3.fW', NULL, 0, 1, 0, 0, NULL, '2021-12-09 05:52:51', '2021-12-09 05:52:51'),
(47, 'Yadi', 'yadi', NULL, 'yadi@gmail.com', '083214567128', '2021-12-09 05:54:24', '$2y$10$jo8xtUyKQfxYmpnPcngSOuFvOFFkjpNXgwzfcG.sA4uAVKRZv.Z52', NULL, 0, 1, 0, 0, NULL, '2021-12-09 05:54:24', '2021-12-09 05:54:24'),
(48, 'Fahmi', 'fahmi', NULL, 'fahmi@gmail.com', '083214567817', '2021-12-09 05:59:12', '$2y$10$HhqO1M7LKSro6fb.2anJnewL5aBOdqa2I0/sX78rBJv5pKiuPgOXm', NULL, 0, 1, 0, 0, NULL, '2021-12-09 05:59:13', '2021-12-09 05:59:13'),
(49, 'Tuti', 'tuti', NULL, 'tuti@gmail.com', '083214567125', '2021-12-09 06:02:06', '$2y$10$HhqO1M7LKSro6fb.2anJnewL5aBOdqa2I0/sX78rBJv5pKiuPgOXm$2y$10$HhqO1M7LKSro6fb.2anJnewL5aBOdqa2I0/sX78rBJv5pKiuPgOXm', NULL, 0, 1, 0, 0, NULL, '2021-12-09 06:02:07', '2021-12-09 06:02:07'),
(50, 'Taopiq Hidayat', 'taopiq98', '101284140338847269013', 'taopiqhidayat98@gmail.com', '085353313588', '2021-12-09 06:04:18', '$2y$10$HhqO1M7LKSro6fb.2anJnewL5aBOdqa2I0/sX78rBJv5pKiuPgOXm', NULL, 0, 0, 0, 1, NULL, '2021-12-09 06:04:19', '2021-12-09 06:04:47'),
(51, 'Adi Nuryana', 'adinur', NULL, 'adinuryana@gmail.com', '08123456432', '2021-12-09 06:09:32', '$2y$10$HhqO1M7LKSro6fb.2anJnewL5aBOdqa2I0/sX78rBJv5pKiuPgOXm', NULL, 0, 0, 0, 1, NULL, '2021-12-09 06:09:33', '2021-12-09 06:09:33'),
(52, 'Fahmi A Husni', 'fahmiah', NULL, 'fahmiahusni@gmail.com', '08123456434', '2021-12-09 06:12:18', '$2y$10$WKT37ngmCr1SHYD51J4OBeLeUznVy49mWP22xohGdrTHcj9pwNvny', NULL, 0, 0, 0, 1, NULL, '2021-12-09 06:12:19', '2021-12-09 06:12:19'),
(53, 'Yayan Nurhidayanti', 'yayann', NULL, 'yayan@gmail.com', '08123456437', '2021-12-09 06:15:08', '$2y$10$MDSepzG7.xJUeMIdLY3lCumTxMSSiUMl2REOXfg/mr20xTZmHb6Wa', NULL, 0, 0, 0, 1, NULL, '2021-12-09 06:15:08', '2021-12-09 06:15:08'),
(54, 'Reza', 'reza', NULL, 'reza@gmail.com', '08123456436', '2021-12-09 06:18:02', '$2y$10$2sJnV8DORMdI8B6xjP/YPObSlY8UTqdBYhM8U/8NJEB4gLvsbKZD2', NULL, 0, 0, 0, 1, NULL, '2021-12-09 06:18:03', '2021-12-09 06:18:03'),
(55, 'Sinta', 'sintah', NULL, 'sinta@gmail.com', '08123456438', '2021-12-09 06:20:06', '$2y$10$f4HhBctL13avSlSQwfmOauypKyJsmsAwTvrdrKnmtSZIXbaAOyAMW', NULL, 0, 0, 0, 1, NULL, '2021-12-09 06:20:07', '2021-12-09 06:20:07'),
(56, 'Andri', 'andri', NULL, 'andri@gmail.com', '08123457231', '2021-12-09 06:22:40', '$2y$10$lJQxeKCdTnP2BSwnZv/9J.CV/55zHP.30OEwPRTLpby8TXsJo7XOO', NULL, 0, 0, 0, 1, NULL, '2021-12-09 06:22:40', '2022-02-02 04:02:19'),
(57, 'Tita Tresnawti', 'titat', NULL, 'titat@gmail.com', '08123457232', '2021-12-09 06:24:15', '$2y$10$mjMpww8rk7YCHjxQpXUGEeEE9sNi3J0gmd6DsJNmhwZGLdQTdi71i', NULL, 0, 0, 0, 1, NULL, '2021-12-09 06:24:16', '2021-12-09 06:24:16'),
(58, 'Risma', 'risma', NULL, 'risma@gmail.com', '08123457234', '2021-12-09 06:27:21', '$2y$10$hWfb5EJxYMrCWjx/XZnhde6GI085MP8IKpnFKdq5BY8XCYGDhernK', NULL, 0, 0, 0, 1, NULL, '2021-12-09 06:27:21', '2021-12-09 06:27:21'),
(59, 'Azis Hamzah', 'azishamzah', NULL, 'azishamzah@gmail.com', '08123457236', '2021-12-09 06:30:23', '$2y$10$HhqO1M7LKSro6fb.2anJnewL5aBOdqa2I0/sX78rBJv5pKiuPgOXm', NULL, 0, 0, 0, 1, NULL, '2021-12-09 06:30:23', '2021-12-09 06:30:23'),
(60, 'V Anggun R', 'vanggunr', NULL, 'vanggunr@gmail.com', '08123457235', '2021-12-09 06:32:30', '$2y$10$HhqO1M7LKSro6fb.2anJnewL5aBOdqa2I0/sX78rBJv5pKiuPgOXm', NULL, 0, 0, 0, 1, NULL, '2021-12-09 06:32:31', '2021-12-09 06:32:31'),
(61, 'Riki Wijaya', 'rikiwijaya', NULL, 'rikiwijaya@gmail.com', '08123457321', '2021-12-09 06:36:00', '$2y$10$L8D/VIC9hWbd832cNkaVeeYvPUpbYVHDvMyclv32qbIURLqbKY5by', NULL, 0, 0, 0, 1, NULL, '2021-12-09 06:36:00', '2021-12-09 06:36:00'),
(63, 'Rian', 'rian', NULL, 'rian@gmail.com', '08123457322', '2021-12-09 06:40:14', '$2y$10$mckKB8XcUw.N2H5J7oYG.ONsghzYkxjXAssJvliNfGKkzyrY/hmVe', NULL, 0, 0, 0, 1, NULL, '2021-12-09 06:40:14', '2021-12-09 06:40:14'),
(64, 'Ginanjar Setiawan', 'ginanjar', NULL, 'ginanjars@gmail.com', '08123457323', '2021-12-09 06:42:16', '$2y$10$UBhn0xnNXDiAOMc8HZeAkuYMzeUWve7UFIUMje1DwJ.PvogFA5PJu', NULL, 0, 0, 0, 1, NULL, '2021-12-09 06:42:16', '2021-12-09 06:42:16'),
(65, 'Budi Permana', 'budipermana', NULL, 'budibudi@gmail.com', '08123457425', '2021-12-09 06:45:29', '$2y$10$2exMQoqRY5QxgjOx9wwP8ueq5ix5H98YBXhV0KyPShrD8kTQd6fTe', NULL, 0, 0, 0, 1, NULL, '2021-12-09 06:45:29', '2021-12-09 06:45:29'),
(67, 'Rendi', 'siswarendi@gmail.com', NULL, 'rendi@gmail.com', '081111111111', '2022-02-06 00:32:11', '$2y$10$Qm0Q2W6Vvz7oC8xuBGzJj.jr0jkBUnTeIxSquGy/fOexv00AkoKAK', NULL, 0, 0, 0, 1, NULL, '2022-02-06 00:32:12', '2022-02-06 00:32:12');

-- --------------------------------------------------------

--
-- Struktur dari tabel `visits`
--

CREATE TABLE `visits` (
  `id` bigint(20) UNSIGNED NOT NULL,
  `n_induk` char(18) COLLATE utf8mb4_unicode_ci NOT NULL,
  `id_industri` bigint(20) UNSIGNED NOT NULL,
  `kondisi_siswa` varchar(255) COLLATE utf8mb4_unicode_ci NOT NULL,
  `kondisi_industri` varchar(255) COLLATE utf8mb4_unicode_ci NOT NULL,
  `keluhan_siswa` varchar(255) COLLATE utf8mb4_unicode_ci DEFAULT NULL,
  `keluhan_industri` varchar(255) COLLATE utf8mb4_unicode_ci DEFAULT NULL,
  `kinerja_siswa` varchar(255) COLLATE utf8mb4_unicode_ci NOT NULL,
  `created_at` timestamp NULL DEFAULT NULL,
  `updated_at` timestamp NULL DEFAULT NULL
) ENGINE=InnoDB DEFAULT CHARSET=utf8mb4 COLLATE=utf8mb4_unicode_ci;

--
-- Dumping data untuk tabel `visits`
--

INSERT INTO `visits` (`id`, `n_induk`, `id_industri`, `kondisi_siswa`, `kondisi_industri`, `keluhan_siswa`, `keluhan_industri`, `kinerja_siswa`, `created_at`, `updated_at`) VALUES
(2, '1234567801234567', 7, 'Baik', 'Baik', '', '', 'Baik', '2022-02-04 03:49:31', '2022-02-04 03:49:31');

--
-- Indexes for dumped tables
--

--
-- Indeks untuk tabel `answers`
--
ALTER TABLE `answers`
  ADD PRIMARY KEY (`id`),
  ADD KEY `answers_nis_foreign` (`nis`),
  ADD KEY `answers_id_kuis_foreign` (`id_kuis`),
  ADD KEY `answers_id_tanyaan_foreign` (`id_tanyaan`),
  ADD KEY `answers_id_pilihan_foreign` (`id_pilihan`);

--
-- Indeks untuk tabel `calendars`
--
ALTER TABLE `calendars`
  ADD PRIMARY KEY (`id`),
  ADD KEY `calendars_id_industri_foreign` (`id_industri`);

--
-- Indeks untuk tabel `choices`
--
ALTER TABLE `choices`
  ADD PRIMARY KEY (`id`),
  ADD KEY `choices_id_tanyaan_foreign` (`id_tanyaan`);

--
-- Indeks untuk tabel `cities`
--
ALTER TABLE `cities`
  ADD PRIMARY KEY (`id`),
  ADD KEY `kota_id_provinsi_foreign` (`id_provinsi`);

--
-- Indeks untuk tabel `classes`
--
ALTER TABLE `classes`
  ADD PRIMARY KEY (`id`),
  ADD KEY `kelas_id_jurusan_foreign` (`id_jurusan`);

--
-- Indeks untuk tabel `enigmas`
--
ALTER TABLE `enigmas`
  ADD PRIMARY KEY (`id`),
  ADD KEY `enigmas_id_kuis_foreign` (`id_kuis`);

--
-- Indeks untuk tabel `failed_jobs`
--
ALTER TABLE `failed_jobs`
  ADD PRIMARY KEY (`id`),
  ADD UNIQUE KEY `failed_jobs_uuid_unique` (`uuid`);

--
-- Indeks untuk tabel `industries`
--
ALTER TABLE `industries`
  ADD PRIMARY KEY (`id`),
  ADD UNIQUE KEY `industries_email_unique` (`email`),
  ADD UNIQUE KEY `industries_n_wa_unique` (`n_wa`),
  ADD UNIQUE KEY `industries_n_induk_unique` (`n_induk`),
  ADD KEY `industries_id_user_foreign` (`id_user`);

--
-- Indeks untuk tabel `majors`
--
ALTER TABLE `majors`
  ADD PRIMARY KEY (`id`);

--
-- Indeks untuk tabel `menus`
--
ALTER TABLE `menus`
  ADD PRIMARY KEY (`id`);

--
-- Indeks untuk tabel `migrations`
--
ALTER TABLE `migrations`
  ADD PRIMARY KEY (`id`);

--
-- Indeks untuk tabel `myjobs`
--
ALTER TABLE `myjobs`
  ADD PRIMARY KEY (`id`),
  ADD KEY `myjobs_nis_foreign` (`nis`),
  ADD KEY `myjobs_id_tugas_foreign` (`id_tugas`);

--
-- Indeks untuk tabel `myquizzes`
--
ALTER TABLE `myquizzes`
  ADD PRIMARY KEY (`id`),
  ADD KEY `myquizs_nis_foreign` (`nis`),
  ADD KEY `myquizs_id_kuis_foreign` (`id_kuis`);

--
-- Indeks untuk tabel `password_resets`
--
ALTER TABLE `password_resets`
  ADD KEY `password_resets_email_index` (`email`);

--
-- Indeks untuk tabel `placements`
--
ALTER TABLE `placements`
  ADD PRIMARY KEY (`id`),
  ADD KEY `placements_nis_foreign` (`nis`),
  ADD KEY `placements_n_induk_foreign` (`n_induk`),
  ADD KEY `placements_id_industri_foreign` (`id_industri`);

--
-- Indeks untuk tabel `presences`
--
ALTER TABLE `presences`
  ADD PRIMARY KEY (`id`),
  ADD KEY `presences_nis_foreign` (`nis`),
  ADD KEY `presences_id_kalender_foreign` (`id_kalender`);

--
-- Indeks untuk tabel `presentations`
--
ALTER TABLE `presentations`
  ADD PRIMARY KEY (`id`),
  ADD KEY `presentations_nis_foreign` (`nis`);

--
-- Indeks untuk tabel `provinces`
--
ALTER TABLE `provinces`
  ADD PRIMARY KEY (`id`);

--
-- Indeks untuk tabel `quizzes`
--
ALTER TABLE `quizzes`
  ADD PRIMARY KEY (`id`),
  ADD KEY `quizzes_oleh_foreign` (`oleh`),
  ADD KEY `quizzes_untuk_foreign` (`untuk`);

--
-- Indeks untuk tabel `reports`
--
ALTER TABLE `reports`
  ADD PRIMARY KEY (`id`),
  ADD KEY `reports_nis_foreign` (`nis`);

--
-- Indeks untuk tabel `schools`
--
ALTER TABLE `schools`
  ADD PRIMARY KEY (`id`);

--
-- Indeks untuk tabel `scores`
--
ALTER TABLE `scores`
  ADD PRIMARY KEY (`id`),
  ADD KEY `scores_nis_foreign` (`nis`);

--
-- Indeks untuk tabel `students`
--
ALTER TABLE `students`
  ADD PRIMARY KEY (`id`),
  ADD UNIQUE KEY `students_nis_unique` (`nis`),
  ADD UNIQUE KEY `students_email_unique` (`email`),
  ADD UNIQUE KEY `students_n_wa_unique` (`n_wa`),
  ADD KEY `students_id_user_foreign` (`id_user`);

--
-- Indeks untuk tabel `submissions`
--
ALTER TABLE `submissions`
  ADD PRIMARY KEY (`id`),
  ADD KEY `submissions_nis_foreign` (`nis`),
  ADD KEY `submissions_id_industri_foreign` (`id_industri`);

--
-- Indeks untuk tabel `tasks`
--
ALTER TABLE `tasks`
  ADD PRIMARY KEY (`id`),
  ADD KEY `tasks_oleh_foreign` (`oleh`),
  ADD KEY `tasks_untuk_foreign` (`untuk`);

--
-- Indeks untuk tabel `teachers`
--
ALTER TABLE `teachers`
  ADD PRIMARY KEY (`id`),
  ADD UNIQUE KEY `teachers_n_induk_unique` (`n_induk`),
  ADD UNIQUE KEY `teachers_email_unique` (`email`),
  ADD UNIQUE KEY `teachers_n_wa_unique` (`n_wa`),
  ADD KEY `teachers_id_user_foreign` (`id_user`);

--
-- Indeks untuk tabel `tests`
--
ALTER TABLE `tests`
  ADD PRIMARY KEY (`id`),
  ADD KEY `tests_nis_foreign` (`nis`),
  ADD KEY `tests_pembimbing_foreign` (`pembimbing`),
  ADD KEY `tests_penguji_foreign` (`penguji`);

--
-- Indeks untuk tabel `users`
--
ALTER TABLE `users`
  ADD PRIMARY KEY (`id`),
  ADD UNIQUE KEY `users_username_unique` (`username`),
  ADD UNIQUE KEY `users_email_unique` (`email`),
  ADD UNIQUE KEY `users_n_wa_unique` (`n_wa`),
  ADD KEY `id_gmail` (`id_gmail`);

--
-- Indeks untuk tabel `visits`
--
ALTER TABLE `visits`
  ADD PRIMARY KEY (`id`),
  ADD KEY `visits_n_induk_foreign` (`n_induk`),
  ADD KEY `visits_id_industri_foreign` (`id_industri`);

--
-- AUTO_INCREMENT untuk tabel yang dibuang
--

--
-- AUTO_INCREMENT untuk tabel `answers`
--
ALTER TABLE `answers`
  MODIFY `id` bigint(20) UNSIGNED NOT NULL AUTO_INCREMENT, AUTO_INCREMENT=15;

--
-- AUTO_INCREMENT untuk tabel `calendars`
--
ALTER TABLE `calendars`
  MODIFY `id` bigint(20) UNSIGNED NOT NULL AUTO_INCREMENT, AUTO_INCREMENT=21;

--
-- AUTO_INCREMENT untuk tabel `choices`
--
ALTER TABLE `choices`
  MODIFY `id` bigint(20) UNSIGNED NOT NULL AUTO_INCREMENT, AUTO_INCREMENT=21;

--
-- AUTO_INCREMENT untuk tabel `cities`
--
ALTER TABLE `cities`
  MODIFY `id` bigint(20) UNSIGNED NOT NULL AUTO_INCREMENT, AUTO_INCREMENT=515;

--
-- AUTO_INCREMENT untuk tabel `classes`
--
ALTER TABLE `classes`
  MODIFY `id` bigint(20) UNSIGNED NOT NULL AUTO_INCREMENT, AUTO_INCREMENT=31;

--
-- AUTO_INCREMENT untuk tabel `enigmas`
--
ALTER TABLE `enigmas`
  MODIFY `id` bigint(20) UNSIGNED NOT NULL AUTO_INCREMENT, AUTO_INCREMENT=12;

--
-- AUTO_INCREMENT untuk tabel `failed_jobs`
--
ALTER TABLE `failed_jobs`
  MODIFY `id` bigint(20) UNSIGNED NOT NULL AUTO_INCREMENT;

--
-- AUTO_INCREMENT untuk tabel `industries`
--
ALTER TABLE `industries`
  MODIFY `id` bigint(20) UNSIGNED NOT NULL AUTO_INCREMENT, AUTO_INCREMENT=25;

--
-- AUTO_INCREMENT untuk tabel `majors`
--
ALTER TABLE `majors`
  MODIFY `id` int(10) UNSIGNED NOT NULL AUTO_INCREMENT, AUTO_INCREMENT=6;

--
-- AUTO_INCREMENT untuk tabel `menus`
--
ALTER TABLE `menus`
  MODIFY `id` bigint(20) UNSIGNED NOT NULL AUTO_INCREMENT, AUTO_INCREMENT=16;

--
-- AUTO_INCREMENT untuk tabel `migrations`
--
ALTER TABLE `migrations`
  MODIFY `id` int(10) UNSIGNED NOT NULL AUTO_INCREMENT, AUTO_INCREMENT=258;

--
-- AUTO_INCREMENT untuk tabel `myjobs`
--
ALTER TABLE `myjobs`
  MODIFY `id` bigint(20) UNSIGNED NOT NULL AUTO_INCREMENT, AUTO_INCREMENT=8;

--
-- AUTO_INCREMENT untuk tabel `myquizzes`
--
ALTER TABLE `myquizzes`
  MODIFY `id` bigint(20) UNSIGNED NOT NULL AUTO_INCREMENT, AUTO_INCREMENT=4;

--
-- AUTO_INCREMENT untuk tabel `placements`
--
ALTER TABLE `placements`
  MODIFY `id` bigint(20) UNSIGNED NOT NULL AUTO_INCREMENT, AUTO_INCREMENT=13;

--
-- AUTO_INCREMENT untuk tabel `presences`
--
ALTER TABLE `presences`
  MODIFY `id` bigint(20) UNSIGNED NOT NULL AUTO_INCREMENT, AUTO_INCREMENT=11;

--
-- AUTO_INCREMENT untuk tabel `presentations`
--
ALTER TABLE `presentations`
  MODIFY `id` bigint(20) UNSIGNED NOT NULL AUTO_INCREMENT, AUTO_INCREMENT=4;

--
-- AUTO_INCREMENT untuk tabel `provinces`
--
ALTER TABLE `provinces`
  MODIFY `id` int(10) UNSIGNED NOT NULL AUTO_INCREMENT, AUTO_INCREMENT=35;

--
-- AUTO_INCREMENT untuk tabel `quizzes`
--
ALTER TABLE `quizzes`
  MODIFY `id` bigint(20) UNSIGNED NOT NULL AUTO_INCREMENT, AUTO_INCREMENT=12;

--
-- AUTO_INCREMENT untuk tabel `reports`
--
ALTER TABLE `reports`
  MODIFY `id` bigint(20) UNSIGNED NOT NULL AUTO_INCREMENT, AUTO_INCREMENT=4;

--
-- AUTO_INCREMENT untuk tabel `schools`
--
ALTER TABLE `schools`
  MODIFY `id` int(11) NOT NULL AUTO_INCREMENT, AUTO_INCREMENT=2;

--
-- AUTO_INCREMENT untuk tabel `scores`
--
ALTER TABLE `scores`
  MODIFY `id` bigint(20) UNSIGNED NOT NULL AUTO_INCREMENT, AUTO_INCREMENT=20;

--
-- AUTO_INCREMENT untuk tabel `students`
--
ALTER TABLE `students`
  MODIFY `id` bigint(20) UNSIGNED NOT NULL AUTO_INCREMENT, AUTO_INCREMENT=22;

--
-- AUTO_INCREMENT untuk tabel `submissions`
--
ALTER TABLE `submissions`
  MODIFY `id` bigint(20) UNSIGNED NOT NULL AUTO_INCREMENT, AUTO_INCREMENT=8;

--
-- AUTO_INCREMENT untuk tabel `tasks`
--
ALTER TABLE `tasks`
  MODIFY `id` bigint(20) UNSIGNED NOT NULL AUTO_INCREMENT, AUTO_INCREMENT=10;

--
-- AUTO_INCREMENT untuk tabel `teachers`
--
ALTER TABLE `teachers`
  MODIFY `id` bigint(20) UNSIGNED NOT NULL AUTO_INCREMENT, AUTO_INCREMENT=15;

--
-- AUTO_INCREMENT untuk tabel `tests`
--
ALTER TABLE `tests`
  MODIFY `id` bigint(20) UNSIGNED NOT NULL AUTO_INCREMENT, AUTO_INCREMENT=12;

--
-- AUTO_INCREMENT untuk tabel `users`
--
ALTER TABLE `users`
  MODIFY `id` bigint(20) UNSIGNED NOT NULL AUTO_INCREMENT, AUTO_INCREMENT=68;

--
-- AUTO_INCREMENT untuk tabel `visits`
--
ALTER TABLE `visits`
  MODIFY `id` bigint(20) UNSIGNED NOT NULL AUTO_INCREMENT, AUTO_INCREMENT=3;

--
-- Ketidakleluasaan untuk tabel pelimpahan (Dumped Tables)
--

--
-- Ketidakleluasaan untuk tabel `answers`
--
ALTER TABLE `answers`
  ADD CONSTRAINT `answers_id_kuis_foreign` FOREIGN KEY (`id_kuis`) REFERENCES `quizzes` (`id`) ON DELETE CASCADE ON UPDATE CASCADE,
  ADD CONSTRAINT `answers_id_pilihan_foreign` FOREIGN KEY (`id_pilihan`) REFERENCES `choices` (`id`) ON DELETE CASCADE ON UPDATE CASCADE,
  ADD CONSTRAINT `answers_id_tanyaan_foreign` FOREIGN KEY (`id_tanyaan`) REFERENCES `enigmas` (`id`) ON DELETE CASCADE ON UPDATE CASCADE,
  ADD CONSTRAINT `answers_nis_foreign` FOREIGN KEY (`nis`) REFERENCES `students` (`nis`) ON DELETE CASCADE ON UPDATE CASCADE;

--
-- Ketidakleluasaan untuk tabel `calendars`
--
ALTER TABLE `calendars`
  ADD CONSTRAINT `calendars_id_industri_foreign` FOREIGN KEY (`id_industri`) REFERENCES `industries` (`id`) ON DELETE CASCADE ON UPDATE CASCADE;

--
-- Ketidakleluasaan untuk tabel `choices`
--
ALTER TABLE `choices`
  ADD CONSTRAINT `choices_id_tanyaan_foreign` FOREIGN KEY (`id_tanyaan`) REFERENCES `enigmas` (`id`) ON DELETE CASCADE ON UPDATE CASCADE;

--
-- Ketidakleluasaan untuk tabel `cities`
--
ALTER TABLE `cities`
  ADD CONSTRAINT `kota_id_provinsi_foreign` FOREIGN KEY (`id_provinsi`) REFERENCES `provinces` (`id`) ON DELETE CASCADE ON UPDATE CASCADE;

--
-- Ketidakleluasaan untuk tabel `classes`
--
ALTER TABLE `classes`
  ADD CONSTRAINT `kelas_id_jurusan_foreign` FOREIGN KEY (`id_jurusan`) REFERENCES `majors` (`id`) ON DELETE CASCADE ON UPDATE CASCADE;

--
-- Ketidakleluasaan untuk tabel `enigmas`
--
ALTER TABLE `enigmas`
  ADD CONSTRAINT `enigmas_id_kuis_foreign` FOREIGN KEY (`id_kuis`) REFERENCES `quizzes` (`id`) ON DELETE CASCADE ON UPDATE CASCADE;

--
-- Ketidakleluasaan untuk tabel `industries`
--
ALTER TABLE `industries`
  ADD CONSTRAINT `industries_id_user_foreign` FOREIGN KEY (`id_user`) REFERENCES `users` (`id`) ON DELETE CASCADE ON UPDATE CASCADE;

--
-- Ketidakleluasaan untuk tabel `myjobs`
--
ALTER TABLE `myjobs`
  ADD CONSTRAINT `myjobs_id_tugas_foreign` FOREIGN KEY (`id_tugas`) REFERENCES `tasks` (`id`) ON DELETE CASCADE ON UPDATE CASCADE,
  ADD CONSTRAINT `myjobs_nis_foreign` FOREIGN KEY (`nis`) REFERENCES `students` (`nis`) ON DELETE CASCADE ON UPDATE CASCADE;

--
-- Ketidakleluasaan untuk tabel `myquizzes`
--
ALTER TABLE `myquizzes`
  ADD CONSTRAINT `myquizs_id_kuis_foreign` FOREIGN KEY (`id_kuis`) REFERENCES `quizzes` (`id`) ON DELETE CASCADE ON UPDATE CASCADE,
  ADD CONSTRAINT `myquizs_nis_foreign` FOREIGN KEY (`nis`) REFERENCES `students` (`nis`) ON DELETE CASCADE ON UPDATE CASCADE;

--
-- Ketidakleluasaan untuk tabel `placements`
--
ALTER TABLE `placements`
  ADD CONSTRAINT `placements_id_industri_foreign` FOREIGN KEY (`id_industri`) REFERENCES `industries` (`id`) ON DELETE CASCADE ON UPDATE CASCADE,
  ADD CONSTRAINT `placements_n_induk_foreign` FOREIGN KEY (`n_induk`) REFERENCES `teachers` (`n_induk`) ON DELETE CASCADE ON UPDATE CASCADE,
  ADD CONSTRAINT `placements_nis_foreign` FOREIGN KEY (`nis`) REFERENCES `students` (`nis`) ON DELETE CASCADE ON UPDATE CASCADE;

--
-- Ketidakleluasaan untuk tabel `presences`
--
ALTER TABLE `presences`
  ADD CONSTRAINT `presences_id_kalender_foreign` FOREIGN KEY (`id_kalender`) REFERENCES `calendars` (`id`) ON DELETE CASCADE ON UPDATE CASCADE,
  ADD CONSTRAINT `presences_nis_foreign` FOREIGN KEY (`nis`) REFERENCES `students` (`nis`) ON DELETE CASCADE ON UPDATE CASCADE;

--
-- Ketidakleluasaan untuk tabel `presentations`
--
ALTER TABLE `presentations`
  ADD CONSTRAINT `presentations_nis_foreign` FOREIGN KEY (`nis`) REFERENCES `students` (`nis`) ON DELETE CASCADE ON UPDATE CASCADE;

--
-- Ketidakleluasaan untuk tabel `quizzes`
--
ALTER TABLE `quizzes`
  ADD CONSTRAINT `quizzes_oleh_foreign` FOREIGN KEY (`oleh`) REFERENCES `users` (`id`) ON DELETE CASCADE ON UPDATE CASCADE,
  ADD CONSTRAINT `quizzes_untuk_foreign` FOREIGN KEY (`untuk`) REFERENCES `students` (`nis`) ON DELETE CASCADE ON UPDATE CASCADE;

--
-- Ketidakleluasaan untuk tabel `reports`
--
ALTER TABLE `reports`
  ADD CONSTRAINT `reports_nis_foreign` FOREIGN KEY (`nis`) REFERENCES `students` (`nis`) ON DELETE CASCADE ON UPDATE CASCADE;

--
-- Ketidakleluasaan untuk tabel `scores`
--
ALTER TABLE `scores`
  ADD CONSTRAINT `scores_nis_foreign` FOREIGN KEY (`nis`) REFERENCES `students` (`nis`) ON DELETE CASCADE ON UPDATE CASCADE;

--
-- Ketidakleluasaan untuk tabel `students`
--
ALTER TABLE `students`
  ADD CONSTRAINT `students_id_user_foreign` FOREIGN KEY (`id_user`) REFERENCES `users` (`id`) ON DELETE CASCADE ON UPDATE CASCADE;

--
-- Ketidakleluasaan untuk tabel `submissions`
--
ALTER TABLE `submissions`
  ADD CONSTRAINT `submissions_id_industri_foreign` FOREIGN KEY (`id_industri`) REFERENCES `industries` (`id`) ON DELETE CASCADE ON UPDATE CASCADE,
  ADD CONSTRAINT `submissions_nis_foreign` FOREIGN KEY (`nis`) REFERENCES `students` (`nis`) ON DELETE CASCADE ON UPDATE CASCADE;

--
-- Ketidakleluasaan untuk tabel `tasks`
--
ALTER TABLE `tasks`
  ADD CONSTRAINT `tasks_oleh_foreign` FOREIGN KEY (`oleh`) REFERENCES `users` (`id`) ON DELETE CASCADE ON UPDATE CASCADE,
  ADD CONSTRAINT `tasks_untuk_foreign` FOREIGN KEY (`untuk`) REFERENCES `students` (`nis`);

--
-- Ketidakleluasaan untuk tabel `teachers`
--
ALTER TABLE `teachers`
  ADD CONSTRAINT `teachers_id_user_foreign` FOREIGN KEY (`id_user`) REFERENCES `users` (`id`) ON DELETE CASCADE ON UPDATE CASCADE;

--
-- Ketidakleluasaan untuk tabel `tests`
--
ALTER TABLE `tests`
  ADD CONSTRAINT `tests_nis_foreign` FOREIGN KEY (`nis`) REFERENCES `students` (`nis`) ON DELETE CASCADE ON UPDATE CASCADE,
  ADD CONSTRAINT `tests_pembimbing_foreign` FOREIGN KEY (`pembimbing`) REFERENCES `teachers` (`n_induk`) ON DELETE CASCADE ON UPDATE CASCADE,
  ADD CONSTRAINT `tests_penguji_foreign` FOREIGN KEY (`penguji`) REFERENCES `teachers` (`n_induk`) ON DELETE CASCADE ON UPDATE CASCADE;

--
-- Ketidakleluasaan untuk tabel `visits`
--
ALTER TABLE `visits`
  ADD CONSTRAINT `visits_id_industri_foreign` FOREIGN KEY (`id_industri`) REFERENCES `industries` (`id`) ON DELETE CASCADE ON UPDATE CASCADE,
  ADD CONSTRAINT `visits_n_induk_foreign` FOREIGN KEY (`n_induk`) REFERENCES `teachers` (`n_induk`) ON DELETE CASCADE ON UPDATE CASCADE;
COMMIT;

/*!40101 SET CHARACTER_SET_CLIENT=@OLD_CHARACTER_SET_CLIENT */;
/*!40101 SET CHARACTER_SET_RESULTS=@OLD_CHARACTER_SET_RESULTS */;
/*!40101 SET COLLATION_CONNECTION=@OLD_COLLATION_CONNECTION */;
